name,F,M,All,ratio,winning_gender
Aaliyah,49094.0,60.0,49154.0,-6.7071475445,F
Aaron,4152.0,523516.0,527668.0,4.83697744749,M
Abbey,15819.0,35.0,15854.0,-6.11361896671,F
Abbie,19699.0,326.0,20025.0,-4.10142577065,F
Abby,51548.0,181.0,51729.0,-5.65177166014,F
Abel,82.0,32898.0,32980.0,5.99444789737,M
Abigail,270956.0,536.0,271492.0,-6.22557756399,F
Abraham,176.0,72714.0,72890.0,6.02380522216,M
Ada,88646.0,277.0,88923.0,-5.76838868303,F
Adam,1992.0,512836.0,514828.0,5.55081694679,M
Adan,68.0,20393.0,20461.0,5.70343927852,M
Addie,42404.0,718.0,43122.0,-4.07852840734,F
Adele,36529.0,11.0,36540.0,-8.10796647186,F
Adeline,39384.0,15.0,39399.0,-7.87306472034,F
Adolfo,10.0,14390.0,14400.0,7.27170370689,M
Adolph,20.0,18680.0,18700.0,6.83947643823,M
Adriana,74724.0,386.0,75110.0,-5.2657192352,F
Adrianna,35488.0,18.0,35506.0,-7.58657813225,F
Adrianne,12547.0,26.0,12573.0,-6.17914033414,F
Adrienne,64238.0,356.0,64594.0,-5.19541948403,F
Agnes,156582.0,466.0,157048.0,-5.81714947928,F
Agustin,21.0,12975.0,12996.0,6.42625727031,M
Ahmad,18.0,13616.0,13634.0,6.62862909292,M
Aida,11145.0,5.0,11150.0,-7.70930833339,F
Aiden,1400.0,100480.0,101880.0,4.2734864661,M
Aimee,51161.0,78.0,51239.0,-6.48602397533,F
Aisha,17425.0,27.0,17452.0,-6.46982436962,F
Al,251.0,16825.0,17076.0,4.20516821538,M
Alaina,26148.0,6.0,26154.0,-8.3797685155,F
Alan,1011.0,329251.0,330262.0,5.78588043779,M
Alana,43836.0,30.0,43866.0,-7.28701329492,F
Alanna,17247.0,7.0,17254.0,-7.80948334524,F
Albert,2559.0,482459.0,485018.0,5.2392793859,M
Alberta,70213.0,399.0,70612.0,-5.17032734116,F
Alberto,447.0,55881.0,56328.0,4.82842111409,M
Aldo,15.0,12699.0,12714.0,6.74122832809,M
Alec,331.0,47716.0,48047.0,4.97090367502,M
Alejandra,44405.0,518.0,44923.0,-4.45113211243,F
Alejandro,830.0,113842.0,114672.0,4.92114110034,M
Alexa,90843.0,219.0,91062.0,-6.02781629096,F
Alexander,4243.0,558947.0,563190.0,4.88078409028,M
Alexandra,208887.0,856.0,209743.0,-5.49727833873,F
Alexandria,86929.0,230.0,87159.0,-5.93476766358,F
Alexia,34998.0,44.0,35042.0,-6.67885656206,F
Alexus,17608.0,227.0,17835.0,-4.35115860572,F
Alfonso,109.0,37615.0,37724.0,5.84381030377,M
Alfred,1293.0,239878.0,241171.0,5.22316536097,M
Alfreda,11365.0,35.0,11400.0,-5.7829456748,F
Alfredo,285.0,50536.0,50821.0,5.17795205231,M
Alice,538339.0,1920.0,540259.0,-5.63616328721,F
Alicia,217639.0,706.0,218345.0,-5.73097776835,F
Aline,14047.0,5.0,14052.0,-7.9407262164,F
Alisa,31438.0,22.0,31460.0,-7.26473017793,F
Alisha,53090.0,131.0,53221.0,-6.00454654238,F
Alison,103883.0,572.0,104455.0,-5.20188155346,F
Alissa,35081.0,31.0,35112.0,-7.03142774787,F
Alivia,15468.0,10.0,15478.0,-7.34394355973,F
Aliyah,22799.0,22.0,22821.0,-6.94342950097,F
Allan,253.0,91724.0,91977.0,5.89314985828,M
Allen,1817.0,260377.0,262194.0,4.96494379137,M
Allison,259003.0,3724.0,262727.0,-4.24204128523,F
Allyson,43923.0,21.0,43944.0,-7.64567094214,F
Alma,156144.0,2130.0,158274.0,-4.29465667868,F
Alondra,30680.0,111.0,30791.0,-5.62183605417,F
Alonzo,154.0,37520.0,37674.0,5.49567680071,M
Alphonso,27.0,14787.0,14814.0,6.30566682937,M
Alta,28516.0,117.0,28633.0,-5.49604667744,F
Althea,15921.0,5.0,15926.0,-8.06595635906,F
Alton,376.0,45482.0,45858.0,4.79548277888,M
Alvaro,5.0,13146.0,13151.0,7.87443489639,M
Alvin,1098.0,155100.0,156198.0,4.9505797271,M
Alvina,10182.0,5.0,10187.0,-7.61893882203,F
Alyson,24636.0,10.0,24646.0,-7.80937897381,F
Alyssa,277104.0,413.0,277517.0,-6.50870057301,F
Amanda,776812.0,2131.0,778943.0,-5.89860701173,F
Amaya,17868.0,7.0,17875.0,-7.84485653342,F
Amber,362512.0,980.0,363492.0,-5.91326028451,F
Amelia,116446.0,168.0,116614.0,-6.54121894581,F
America,10521.0,16.0,10537.0,-6.48853981657,F
Amie,20819.0,40.0,20859.0,-6.25474185616,F
Amir,277.0,16290.0,16567.0,4.07428919541,M
Amos,64.0,30748.0,30812.0,6.17469714711,M
Amy,675651.0,1835.0,677486.0,-5.90863218903,F
Ana,90103.0,591.0,90694.0,-5.02689272197,F
Anahi,11526.0,31.0,11557.0,-5.91837342751,F
Anastasia,33212.0,23.0,33235.0,-7.27517231945,F
Andrea,411564.0,5718.0,417282.0,-4.27634544268,F
Andres,439.0,69209.0,69648.0,5.06038677788,M
Andrew,4790.0,1206648.0,1211438.0,5.529071135,M
Andy,880.0,80286.0,81166.0,4.51342863106,M
Angela,652453.0,2134.0,654587.0,-5.72274095307,F
Angelia,21687.0,22.0,21709.0,-6.89342582831,F
Angelica,84103.0,321.0,84424.0,-5.56835639401,F
Angelina,102567.0,115.0,102682.0,-6.79333939419,F
Angeline,33358.0,10.0,33368.0,-8.11246780964,F
Angelique,23849.0,6.0,23855.0,-8.28773809749,F
Angelita,11268.0,37.0,11305.0,-5.71880421635,F
Angelo,843.0,69635.0,70478.0,4.41405563549,M
Angie,58444.0,127.0,58571.0,-6.13163722333,F
Anissa,11120.0,5.0,11125.0,-7.70706265537,F
Anita,212630.0,682.0,213312.0,-5.74227918716,F
Aniyah,14132.0,5.0,14137.0,-7.94675909604,F
Ann,466360.0,1364.0,467724.0,-5.83453630864,F
Anna,851152.0,2700.0,853852.0,-5.75333895301,F
Annabelle,34993.0,5.0,34998.0,-8.85346540803,F
Anne,317277.0,830.0,318107.0,-5.94610478755,F
Annette,166477.0,499.0,166976.0,-5.81000634497,F
Annie,342398.0,1922.0,344320.0,-5.18260749258,F
Anthony,6954.0,1351350.0,1358304.0,5.26954233818,M
Antoine,359.0,24747.0,25106.0,4.23313716004,M
Antoinette,77664.0,68.0,77732.0,-7.04063940335,F
Anton,21.0,21259.0,21280.0,6.92001317638,M
Antonio,1958.0,225224.0,227182.0,4.74517191841,M
Antwan,113.0,10999.0,11112.0,4.57817181984,M
April,232585.0,667.0,233252.0,-5.85422098268,F
Araceli,16105.0,138.0,16243.0,-4.75963137661,F
Ariana,65846.0,158.0,66004.0,-6.03247892818,F
Arianna,56713.0,45.0,56758.0,-7.13909625056,F
Arielle,18122.0,40.0,18162.0,-6.11600249467,F
Arleen,11929.0,6.0,11935.0,-7.59496822005,F
Arlene,140875.0,361.0,141236.0,-5.96675029301,F
Arline,17496.0,36.0,17532.0,-6.1862086239,F
Armand,6.0,14730.0,14736.0,7.80588204023,M
Armando,367.0,66795.0,67162.0,5.20402165837,M
Arnold,550.0,102240.0,102790.0,5.22515999138,M
Arthur,3188.0,519090.0,522278.0,5.09268351761,M
Arturo,209.0,49450.0,49659.0,5.46638308509,M
Ashlee,42101.0,258.0,42359.0,-5.09486718744,F
Ashleigh,30666.0,83.0,30749.0,-5.9120692202,F
Ashly,10219.0,122.0,10341.0,-4.42798296688,F
Ashlyn,36657.0,44.0,36701.0,-6.72517005107,F
Ashlynn,16026.0,12.0,16038.0,-7.19706103255,F
Asia,29040.0,191.0,29231.0,-5.02415604089,F
Aubree,11229.0,17.0,11246.0,-6.49304165252,F
Audra,23270.0,193.0,23463.0,-4.79223006739,F
Audrey,239289.0,2828.0,242117.0,-4.43810227842,F
Augustus,10.0,12765.0,12775.0,7.15187723668,M
Aurora,31537.0,48.0,31585.0,-6.48771572777,F
Austin,3742.0,364403.0,368145.0,4.57864017021,M
Autumn,92882.0,238.0,93120.0,-5.96681447563,F
Ava,139988.0,180.0,140168.0,-6.65635513274,F
Axel,63.0,16116.0,16179.0,5.54443311992,M
Barbara,1431316.0,4139.0,1435455.0,-5.84589536701,F
Barney,91.0,16036.0,16127.0,5.17173196725,M
Barry,766.0,179233.0,179999.0,5.45525974461,M
Bart,5.0,16308.0,16313.0,8.08997315151,M
Basil,42.0,12213.0,12255.0,5.67258661889,M
Beatrice,187084.0,733.0,187817.0,-5.54216729095,F
Beatriz,16491.0,53.0,16544.0,-5.74027814298,F
Beau,282.0,23477.0,23759.0,4.42186942653,M
Becky,86242.0,144.0,86386.0,-6.39509927739,F
Belinda,70367.0,150.0,70517.0,-6.15084438815,F
Bella,28385.0,18.0,28403.0,-7.36324435771,F
Ben,462.0,80359.0,80821.0,5.15869448377,M
Benito,31.0,12788.0,12819.0,6.02227530569,M
Benjamin,2280.0,639065.0,641345.0,5.63583072768,M
Benny,559.0,45843.0,46402.0,4.40682832112,M
Bernadette,52613.0,60.0,52673.0,-6.77637395426,F
Bernard,985.0,197723.0,198708.0,5.30198069911,M
Bertha,207341.0,936.0,208277.0,-5.40050458338,F
Bessie,169916.0,741.0,170657.0,-5.43505885097,F
Beth,158775.0,325.0,159100.0,-6.19141820234,F
Bethany,91536.0,184.0,91720.0,-6.2095518589,F
Betsy,47429.0,10.0,47439.0,-8.46440404195,F
Bette,34770.0,22.0,34792.0,-7.36546777164,F
Bettie,38226.0,83.0,38309.0,-6.13243058355,F
Betty,998065.0,3619.0,1001684.0,-5.61962065987,F
Bettye,22920.0,47.0,22967.0,-6.18961756912,F
Beulah,72991.0,213.0,73204.0,-5.83679925915,F
Beverly,375859.0,4633.0,380492.0,-4.39600946663,F
Bianca,65276.0,195.0,65471.0,-5.81338015469,F
Bill,715.0,159935.0,160650.0,5.41024021898,M
Billy,5327.0,380024.0,385351.0,4.26744618069,M
Birdie,11821.0,106.0,11927.0,-4.71419379564,F
Blanca,23791.0,126.0,23917.0,-5.24078072993,F
Blanche,87298.0,223.0,87521.0,-5.9699110606,F
Bob,322.0,92792.0,93114.0,5.66356416262,M
Bobbi,23196.0,63.0,23259.0,-5.9086004026,F
Bonita,37613.0,12.0,37625.0,-8.05019836451,F
Bonnie,321910.0,4031.0,325941.0,-4.38025751924,F
Booker,5.0,10762.0,10767.0,7.67433877762,M
Boyd,65.0,26333.0,26398.0,6.00419091458,M
Brad,233.0,82225.0,82458.0,5.86617621749,M
Braden,261.0,37808.0,38069.0,4.9757555921,M
Bradford,39.0,31190.0,31229.0,6.68429116347,M
Bradley,1278.0,288837.0,290115.0,5.4205661592,M
Branden,330.0,25565.0,25895.0,4.34988685305,M
Brandi,100650.0,389.0,101039.0,-5.55582508745,F
Brandie,15659.0,29.0,15688.0,-6.29150528056,F
Brandon,4076.0,713673.0,717749.0,5.16530875888,M
Brayan,18.0,10740.0,10758.0,6.39135861017,M
Brayden,798.0,64969.0,65767.0,4.39955691459,M
Breanna,77113.0,65.0,77178.0,-7.07863988763,F
Brenda,603814.0,2121.0,605935.0,-5.65137852791,F
Brendan,324.0,82748.0,83072.0,5.54281160797,M
Brenden,42.0,22397.0,22439.0,6.27901268202,M
Brendon,22.0,18066.0,18088.0,6.71074454435,M
Brent,567.0,136798.0,137365.0,5.48590136045,M
Brenton,18.0,12923.0,12941.0,6.57639219063,M
Bret,226.0,29339.0,29565.0,4.86613796868,M
Bria,11105.0,55.0,11160.0,-5.3078175511,F
Brian,4540.0,1146417.0,1150957.0,5.53146969338,M
Briana,86505.0,200.0,86705.0,-6.06964012817,F
Brianna,223754.0,387.0,224141.0,-6.35987782004,F
Brianne,19564.0,32.0,19596.0,-6.41571051886,F
Bridget,85292.0,149.0,85441.0,-6.3498896365,F
Bridgette,22133.0,16.0,22149.0,-7.2322362642,F
Britney,32874.0,83.0,32957.0,-5.98159674297,F
Brittani,11616.0,22.0,11638.0,-6.26909628371,F
Brittany,353486.0,1079.0,354565.0,-5.79180919432,F
Brittney,80869.0,265.0,81134.0,-5.7208560145,F
Brock,75.0,35152.0,35227.0,6.14994868109,M
Brody,152.0,38503.0,38655.0,5.53461091847,M
Brooke,171659.0,1999.0,173658.0,-4.45286289529,F
Brooklyn,52336.0,901.0,53237.0,-4.06193449217,F
Brooklynn,16260.0,19.0,16279.0,-6.75202440394,F
Bruce,1400.0,377163.0,378563.0,5.59620521813,M
Bryan,1680.0,360757.0,362437.0,5.36941080807,M
Bryant,232.0,46087.0,46319.0,5.29154882189,M
Bryon,17.0,14284.0,14301.0,6.73368196466,M
Bryson,177.0,31537.0,31714.0,5.18276700611,M
Buddy,40.0,22098.0,22138.0,6.31436293156,M
Buford,110.0,10824.0,10934.0,4.58904080406,M
Burton,48.0,22066.0,22114.0,6.13059223041,M
Byron,298.0,76694.0,76992.0,5.55048527093,M
Cade,73.0,20566.0,20639.0,5.64093506464,M
Caden,691.0,43005.0,43696.0,4.13093184322,M
Caitlin,107558.0,283.0,107841.0,-5.94033861829,F
Caitlyn,47359.0,34.0,47393.0,-7.23915162985,F
Caleb,506.0,213744.0,214250.0,6.04599764694,M
Callie,45878.0,627.0,46505.0,-4.29279443768,F
Calvin,1172.0,184056.0,185228.0,5.05652836798,M
Camila,24184.0,14.0,24198.0,-7.45438920684,F
Camilla,16032.0,6.0,16038.0,-7.89058253466,F
Candace,83708.0,158.0,83866.0,-6.27249479833,F
Candice,66782.0,156.0,66938.0,-6.05933285489,F
Candy,27779.0,100.0,27879.0,-5.62686543255,F
Cara,48627.0,62.0,48689.0,-6.66479982614,F
Cari,12358.0,55.0,12413.0,-5.41472572039,F
Carina,13405.0,35.0,13440.0,-5.94803498918,F
Carissa,26537.0,12.0,26549.0,-7.70138861478,F
Carl,3192.0,499405.0,502597.0,5.05276971022,M
Carla,146023.0,426.0,146449.0,-5.83708007626,F
Carlo,80.0,13196.0,13276.0,5.10564239767,M
Carlos,2008.0,260756.0,262764.0,4.86644590233,M
Carlton,282.0,47821.0,48103.0,5.13331308161,M
Carly,56369.0,160.0,56529.0,-5.86450082575,F
Carmela,22471.0,5.0,22476.0,-8.41054295554,F
Carol,815035.0,8653.0,823688.0,-4.54532497548,F
Carole,110555.0,264.0,110819.0,-6.03731931052,F
Carolina,37031.0,137.0,37168.0,-5.59952975285,F
Caroline,196124.0,302.0,196426.0,-6.47607537386,F
Carolyn,552215.0,1616.0,553831.0,-5.8339835031,F
Carrie,264662.0,1189.0,265851.0,-5.40534092247,F
Casandra,15365.0,7.0,15372.0,-7.69393732551,F
Cassandra,162762.0,376.0,163138.0,-6.07045514668,F
Cassie,43713.0,385.0,44098.0,-4.73215748539,F
Catalina,12118.0,7.0,12125.0,-7.45653708045,F
Catherine,645968.0,1823.0,647791.0,-5.87026647126,F
Cathleen,29671.0,10.0,29681.0,-7.9953403238,F
Cathy,169722.0,343.0,170065.0,-6.2041866362,F
Cecelia,52329.0,11.0,52340.0,-8.46741071689,F
Cecile,20064.0,191.0,20255.0,-4.65440901539,F
Cecilia,83704.0,177.0,83881.0,-6.15889231249,F
Cedric,278.0,38441.0,38719.0,4.92925876362,M
Celeste,52097.0,56.0,52153.0,-6.83551095377,F
Celia,51473.0,74.0,51547.0,-6.54474758412,F
Celina,13057.0,6.0,13063.0,-7.68532019818,F
Cesar,310.0,62193.0,62503.0,5.30142543472,M
Chad,1039.0,237156.0,238195.0,5.43045944033,M
Chadwick,22.0,12791.0,12813.0,6.36545462424,M
Chandra,17178.0,66.0,17244.0,-5.5617300323,F
Chanel,14002.0,85.0,14087.0,-5.10430419905,F
Chantel,14526.0,11.0,14537.0,-7.18580015337,F
Charity,32702.0,39.0,32741.0,-6.73162987096,F
Charlene,131832.0,382.0,132214.0,-5.84386305508,F
Charles,12316.0,2335387.0,2347703.0,5.24503366507,M
Charlotte,278045.0,633.0,278678.0,-6.08506782793,F
Charmaine,15152.0,20.0,15172.0,-6.63015554187,F
Chasity,22836.0,23.0,22859.0,-6.90059930116,F
Chelsea,151211.0,440.0,151651.0,-5.83965676449,F
Chelsey,30211.0,65.0,30276.0,-6.14157410556,F
Cheri,35954.0,12.0,35966.0,-8.00508897282,F
Cherie,29742.0,26.0,29768.0,-7.04221892923,F
Cherry,11092.0,135.0,11227.0,-4.4087046283,F
Cheryl,438701.0,979.0,439680.0,-6.10504172408,F
Chester,828.0,120026.0,120854.0,4.97645051058,M
Chloe,142909.0,237.0,143146.0,-6.40190320191,F
Christa,32099.0,27.0,32126.0,-7.08074328998,F
Christi,20786.0,22.0,20808.0,-6.85099250879,F
Christina,468567.0,1977.0,470544.0,-5.46809855687,F
Christine,581689.0,2027.0,583716.0,-5.65937907318,F
Christopher,9365.0,1947979.0,1957344.0,5.33756836796,M
Chrystal,15510.0,5.0,15515.0,-8.03980234374,F
Chuck,5.0,17763.0,17768.0,8.17543500877,M
Ciara,30433.0,7.0,30440.0,-8.3773726759,F
Ciera,10904.0,5.0,10909.0,-7.68744706094,F
Cierra,26316.0,36.0,26352.0,-6.59441345975,F
Cindy,253906.0,766.0,254672.0,-5.80353722902,F
Claire,148055.0,2198.0,150253.0,-4.21003597037,F
Clara,258115.0,999.0,259114.0,-5.55440572238,F
Clarence,1861.0,301067.0,302928.0,5.08621885368,M
Clarice,24834.0,96.0,24930.0,-5.55562076951,F
Clarissa,35279.0,21.0,35300.0,-7.42652072732,F
Clark,114.0,39689.0,39803.0,5.8526309018,M
Claud,47.0,10892.0,10939.0,5.44563625208,M
Claude,953.0,90645.0,91598.0,4.55509115381,M
Claudette,18625.0,11.0,18636.0,-7.43436477045,F
Claudia,123347.0,751.0,124098.0,-5.10135114886,F
Claudine,11268.0,15.0,11283.0,-6.62167192789,F
Clay,263.0,34363.0,34626.0,4.87258165094,M
Clayton,557.0,119804.0,120361.0,5.37104711316,M
Clement,6.0,13405.0,13411.0,7.71162358144,M
Cleveland,87.0,21601.0,21688.0,5.51458677024,M
Clifford,2019.0,186078.0,188097.0,4.52356360132,M
Clifton,436.0,68660.0,69096.0,5.05927982366,M
Clint,54.0,31165.0,31219.0,6.35806690268,M
Clinton,433.0,95128.0,95561.0,5.39224090411,M
Cody,4805.0,270657.0,275462.0,4.03119529415,M
Cole,376.0,107331.0,107707.0,5.6540836531,M
Coleman,17.0,14507.0,14524.0,6.74917322648,M
Colin,418.0,105766.0,106184.0,5.53350295318,M
Colleen,161250.0,330.0,161580.0,-6.1916185802,F
Collin,385.0,64532.0,64917.0,5.1216731695,M
Colton,128.0,74445.0,74573.0,6.36578561277,M
Concetta,14042.0,5.0,14047.0,-7.94037020514,F
Conner,732.0,40921.0,41653.0,4.02361814373,M
Connor,1425.0,155073.0,156498.0,4.68972416007,M
Conor,69.0,17892.0,17961.0,5.55800245996,M
Conrad,16.0,31943.0,31959.0,7.59911962123,M
Constance,137972.0,424.0,138396.0,-5.78507258977,F
Consuelo,16650.0,90.0,16740.0,-5.22035582508,F
Cora,112461.0,376.0,112837.0,-5.70077263047,F
Corine,14458.0,17.0,14475.0,-6.7457898295,F
Corinne,45217.0,15.0,45232.0,-8.0111782002,F
Cornelia,21529.0,30.0,21559.0,-6.5759587608,F
Craig,1012.0,296740.0,297752.0,5.68092776366,M
Cristal,14456.0,55.0,14511.0,-5.57153164704,F
Cristina,49255.0,270.0,49525.0,-5.20634420529,F
Crystal,325163.0,1185.0,326348.0,-5.61458382048,F
Cullen,73.0,10626.0,10699.0,4.98059966586,M
Curtis,2321.0,254012.0,256333.0,4.6953833827,M
Cynthia,704320.0,1960.0,706280.0,-5.8842883251,F
Cyril,97.0,11383.0,11480.0,4.76516531482,M
Daisy,127715.0,620.0,128335.0,-5.32783701989,F
Dalia,10174.0,6.0,10180.0,-7.43583125615,F
Dalton,369.0,72657.0,73026.0,5.28270837269,M
Damian,298.0,58064.0,58362.0,5.27220764295,M
Damien,254.0,44847.0,45101.0,5.1736777086,M
Damion,39.0,14640.0,14679.0,5.92795114139,M
Damon,316.0,58152.0,58468.0,5.21507333758,M
Dan,549.0,105046.0,105595.0,5.25405518693,M
Dane,365.0,28199.0,28564.0,4.34714444172,M
Daniel,8004.0,1810130.0,1818134.0,5.42121252816,M
Daniela,47034.0,163.0,47197.0,-5.66487582261,F
Daniella,20811.0,6.0,20817.0,-8.15147750283,F
Danielle,357831.0,1881.0,359712.0,-5.24825725758,F
Danna,14148.0,135.0,14283.0,-4.65205377189,F
Danny,1511.0,277461.0,278972.0,5.21290869948,M
Dante,436.0,34807.0,35243.0,4.37993155161,M
Daphne,29437.0,7.0,29444.0,-8.34409751642,F
Darin,349.0,31681.0,32030.0,4.50840048888,M
Darius,272.0,45993.0,46265.0,5.13044242368,M
Darla,40938.0,27.0,40965.0,-7.32397714004,F
Darlene,202760.0,605.0,203365.0,-5.81454983456,F
Darrel,122.0,29323.0,29445.0,5.48210642527,M
Darrell,1182.0,156715.0,157897.0,4.88722095011,M
Darren,562.0,97533.0,98095.0,5.15644421137,M
Darrin,133.0,28797.0,28930.0,5.37767736581,M
Darryl,1125.0,90109.0,91234.0,4.38323701298,M
Darwin,58.0,22615.0,22673.0,5.96592567137,M
Dave,114.0,63320.0,63434.0,6.3197580656,M
David,12787.0,3525961.0,3538748.0,5.61947927238,M
Dawn,288207.0,1034.0,289241.0,-5.63024419587,F
Dawson,336.0,25808.0,26144.0,4.3413286404,M
Dayna,13812.0,87.0,13899.0,-5.06738493986,F
Dean,2858.0,162021.0,164879.0,4.03760387695,M
Deana,23094.0,14.0,23108.0,-7.4082707929,F
Deanna,131917.0,266.0,132183.0,-6.20643190714,F
Deanne,14792.0,5.0,14797.0,-7.99240386063,F
Debbie,187427.0,434.0,187861.0,-6.06810018115,F
Debora,28826.0,28.0,28854.0,-6.93682852647,F
Deborah,737810.0,1657.0,739467.0,-6.09867760043,F
Debra,549898.0,1145.0,551043.0,-6.17432816948,F
Deena,13079.0,5.0,13084.0,-7.86932525706,F
Deidre,14613.0,11.0,14624.0,-7.19177154968,F
Deja,14789.0,86.0,14875.0,-5.14729164391,F
Delbert,122.0,46620.0,46742.0,5.94576386786,M
Delia,34688.0,62.0,34750.0,-6.32701469975,F
Della,66118.0,144.0,66262.0,-6.12938300387,F
Delmar,134.0,13904.0,14038.0,4.64209204755,M
Delores,117514.0,430.0,117944.0,-5.61052754572,F
Deloris,34648.0,93.0,34741.0,-5.92039578974,F
Demarcus,29.0,11387.0,11416.0,5.97293180282,M
Demetria,10374.0,141.0,10515.0,-4.29829806453,F
Dena,31899.0,56.0,31955.0,-6.34497824958,F
Denise,369603.0,1363.0,370966.0,-5.6027413039,F
Dennis,2637.0,612811.0,615448.0,5.44841466129,M
Derek,905.0,216162.0,217067.0,5.47584846186,M
Derick,39.0,17278.0,17317.0,6.09362764879,M
Derrick,997.0,135485.0,136482.0,4.91186544211,M
Desiree,79032.0,198.0,79230.0,-5.98934108203,F
Desmond,228.0,26189.0,26417.0,4.74374912531,M
Destiny,129778.0,438.0,130216.0,-5.69136166698,F
Dewayne,112.0,25275.0,25387.0,5.41907217259,M
Dewey,546.0,33978.0,34524.0,4.1308495596,M
Dexter,217.0,27417.0,27634.0,4.8390211844,M
Diana,348735.0,1284.0,350019.0,-5.60433211619,F
Diane,517151.0,1386.0,518537.0,-5.92191300073,F
Dianna,54838.0,64.0,54902.0,-6.75325557992,F
Dianne,94910.0,190.0,95100.0,-6.21366028096,F
Dick,48.0,29265.0,29313.0,6.41294653082,M
Diego,188.0,80941.0,81129.0,6.06503381035,M
Dillon,416.0,57025.0,57441.0,4.92055978689,M
Dina,29393.0,76.0,29469.0,-5.95777848945,F
Dollie,19106.0,61.0,19167.0,-5.74688383666,F
Dolly,19647.0,44.0,19691.0,-6.10149029997,F
Dolores,210641.0,1336.0,211977.0,-5.0604751875,F
Domingo,26.0,13268.0,13294.0,6.23501386205,M
Dominic,1099.0,121995.0,123094.0,4.70957938487,M
Dominick,260.0,54112.0,54372.0,5.33812962068,M
Don,1206.0,165998.0,167204.0,4.92466664179,M
Dona,18794.0,174.0,18968.0,-4.68223764973,F
Donald,5566.0,1405550.0,1411116.0,5.53150730114,M
Donna,829458.0,2232.0,831690.0,-5.91787443092,F
Donny,40.0,12384.0,12424.0,5.73528114172,M
Donovan,199.0,46859.0,47058.0,5.46159354695,M
Donte,137.0,13729.0,13866.0,4.60728473707,M
Dora,104579.0,550.0,105129.0,-5.24777976741,F
Doreen,46089.0,58.0,46147.0,-6.67788657825,F
Doris,461060.0,3237.0,464297.0,-4.95888121143,F
Dorothea,33620.0,6.0,33626.0,-8.63111693773,F
Dorothy,1104280.0,3674.0,1107954.0,-5.70566783108,F
Dorthy,20219.0,79.0,20298.0,-5.5449301829,F
Doug,5.0,22436.0,22441.0,8.40898417819,M
Douglas,2079.0,553948.0,556027.0,5.58518381065,M
Doyle,253.0,30214.0,30467.0,4.78267118338,M
Drake,78.0,25537.0,25615.0,5.79117483319,M
Duane,1015.0,114012.0,115027.0,4.72141509352,M
Dudley,120.0,11725.0,11845.0,4.58198685053,M
Dulce,14074.0,49.0,14123.0,-5.66026410442,F
Duncan,6.0,17536.0,17542.0,7.98025172052,M
Dustin,1380.0,200134.0,201514.0,4.97690364303,M
Dwayne,458.0,73437.0,73895.0,5.07731399067,M
Dwight,325.0,77172.0,77497.0,5.46996679359,M
Earl,2248.0,287591.0,289839.0,4.85149839986,M
Earlene,14159.0,5.0,14164.0,-7.94866783085,F
Earline,16522.0,59.0,16581.0,-5.63491066122,F
Earnest,726.0,57894.0,58620.0,4.37881901642,M
Earnestine,16064.0,61.0,16125.0,-5.57346215832,F
Ebony,38201.0,455.0,38656.0,-4.43031955331,F
Ed,165.0,26110.0,26275.0,5.06412818779,M
Edgar,700.0,142801.0,143501.0,5.31812699662,M
Edith,262408.0,825.0,263233.0,-5.76227243706,F
Edmond,7.0,23821.0,23828.0,8.1324126745,M
Edmund,60.0,49599.0,49659.0,6.717381389,M
Edna,293457.0,1047.0,294504.0,-5.63580218898,F
Eduardo,432.0,91405.0,91837.0,5.3546298723,M
Edward,5360.0,1270291.0,1275651.0,5.46803731198,M
Edwin,1192.0,231604.0,232796.0,5.26939644806,M
Effie,43261.0,241.0,43502.0,-5.19020988179,F
Efrain,29.0,15953.0,15982.0,6.31010634831,M
Eileen,183342.0,407.0,183749.0,-6.11029535471,F
Elaine,254197.0,654.0,254851.0,-5.96275748448,F
Elbert,97.0,33319.0,33416.0,5.83917210532,M
Eldon,55.0,25183.0,25238.0,6.12659125745,M
Eleanor,256346.0,602.0,256948.0,-6.05402592811,F
Elena,54782.0,93.0,54875.0,-6.37851745867,F
Eli,518.0,63325.0,63843.0,4.80606023261,M
Eliana,16275.0,17.0,16292.0,-6.86417212302,F
Elias,148.0,48456.0,48604.0,5.7911991749,M
Elijah,878.0,184735.0,185613.0,5.34903105108,M
Elisa,37392.0,132.0,37524.0,-5.64641013419,F
Elisabeth,42578.0,27.0,42605.0,-7.36325610093,F
Elise,50883.0,51.0,50934.0,-6.90545852582,F
Eliza,39886.0,183.0,40069.0,-5.38429451127,F
Elizabeth,1561874.0,5107.0,1566981.0,-5.72302951367,F
Ella,236937.0,825.0,237762.0,-5.66016617566,F
Ellen,270025.0,745.0,270770.0,-5.89288560791,F
Elmer,1753.0,127023.0,128776.0,4.28303956648,M
Elnora,21063.0,27.0,21090.0,-6.65943635968,F
Eloise,42943.0,111.0,43054.0,-5.95809873261,F
Elsa,24153.0,21.0,24174.0,-7.04764143724,F
Elsie,171213.0,887.0,172100.0,-5.26281869208,F
Elton,188.0,20316.0,20504.0,4.68272206909,M
Elvin,234.0,19132.0,19366.0,4.40379648944,M
Elvira,26254.0,44.0,26298.0,-6.39138400345,F
Elvis,152.0,15451.0,15603.0,4.6215484843,M
Elwood,53.0,20125.0,20178.0,5.93942618873,M
Elyse,15067.0,19.0,15086.0,-6.67582322163,F
Emanuel,76.0,42244.0,42320.0,6.32048427058,M
Emely,13289.0,16.0,13305.0,-6.72210318209,F
Emil,134.0,30950.0,31084.0,5.44228847816,M
Emilee,18943.0,8.0,18951.0,-7.76974820745,F
Emilie,22489.0,7.0,22496.0,-8.0748714307,F
Emilio,57.0,30100.0,30157.0,6.2692291829,M
Emily,754908.0,1651.0,756559.0,-6.12521472258,F
Emma,512134.0,1491.0,513625.0,-5.83913927376,F
Emmanuel,303.0,55405.0,55708.0,5.20869231586,M
Emmett,67.0,34217.0,34284.0,6.23578525618,M
Enrique,260.0,51479.0,51739.0,5.28824760549,M
Eric,4268.0,851715.0,855983.0,5.29610663039,M
Erica,226586.0,1022.0,227608.0,-5.40136307203,F
Erich,27.0,11287.0,11314.0,6.03557003395,M
Erick,406.0,60363.0,60769.0,5.00177845383,M
Ericka,22343.0,46.0,22389.0,-6.18562695539,F
Erik,664.0,144198.0,144862.0,5.38066048463,M
Erika,120525.0,548.0,121073.0,-5.39333719233,F
Erma,54604.0,238.0,54842.0,-5.43559174545,F
Ernest,1854.0,299105.0,300959.0,5.08344921517,M
Ernestine,43942.0,159.0,44101.0,-5.6217216593,F
Ernesto,121.0,39451.0,39572.0,5.7870241289,M
Ervin,138.0,37267.0,37405.0,5.59860981038,M
Erwin,49.0,20336.0,20385.0,6.02832769532,M
Esmeralda,38852.0,180.0,39032.0,-5.37455798363,F
Esperanza,16952.0,35.0,16987.0,-6.18279303846,F
Esteban,31.0,24722.0,24753.0,6.68146160996,M
Estella,36961.0,55.0,37016.0,-6.51028539643,F
Estelle,51147.0,159.0,51306.0,-5.77355491641,F
Esther,243764.0,954.0,244718.0,-5.54329215166,F
Ethan,554.0,305222.0,305776.0,6.31162997293,M
Ethel,278533.0,1489.0,280022.0,-5.23143179057,F
Etta,39690.0,23.0,39713.0,-7.45336032985,F
Eugene,2617.0,376373.0,378990.0,4.96855204939,M
Eugenia,29222.0,15.0,29237.0,-7.57462692813,F
Eula,47020.0,332.0,47352.0,-4.95319335318,F
Eunice,78479.0,1178.0,79657.0,-4.19901298785,F
Eva,237500.0,972.0,238472.0,-5.498567098,F
Evan,3441.0,215443.0,218884.0,4.13693424658,M
Evelyn,502655.0,1765.0,504420.0,-5.6517533597,F
Everett,383.0,85132.0,85515.0,5.4039232829,M
Fabian,327.0,31362.0,31689.0,4.56339207704,M
Faith,110200.0,186.0,110386.0,-6.38430550199,F
Fannie,84431.0,363.0,84794.0,-5.44928707746,F
Fatima,24181.0,46.0,24227.0,-6.26468108332,F
Faye,66110.0,518.0,66628.0,-4.84910005807,F
Felicia,90102.0,279.0,90381.0,-5.77748585909,F
Felipe,133.0,27375.0,27508.0,5.3270363389,M
Felix,506.0,59385.0,59891.0,4.76526027892,M
Fern,36019.0,508.0,36527.0,-4.26132040841,F
Fernanda,10379.0,26.0,10405.0,-5.98944327494,F
Fernando,570.0,85554.0,86124.0,5.01126667368,M
Fiona,15249.0,5.0,15254.0,-8.02283129368,F
Fletcher,121.0,11456.0,11577.0,4.5504783436,M
Flora,66747.0,173.0,66920.0,-5.95537303693,F
Florence,333946.0,1437.0,335383.0,-5.44842169616,F
Florine,11252.0,5.0,11257.0,-7.71886325718,F
Flossie,21786.0,37.0,21823.0,-6.378104928,F
Floyd,1378.0,153039.0,154417.0,4.71005961828,M
Foster,83.0,9995.0,10078.0,4.79099963914,M
Frances,585555.0,4952.0,590507.0,-4.77276858005,F
Francesca,23931.0,33.0,23964.0,-6.58642240711,F
Francine,35440.0,11.0,35451.0,-8.07770113192,F
Francisca,11816.0,61.0,11877.0,-5.26633596004,F
Francisco,958.0,121873.0,122831.0,4.84588701994,M
Frank,4609.0,903096.0,907705.0,5.27781794632,M
Franklin,698.0,131004.0,131702.0,5.23476403331,M
Fred,2028.0,342015.0,344043.0,5.12780451002,M
Freda,42295.0,26.0,42321.0,-7.39432761672,F
Freddy,172.0,24244.0,24416.0,4.94842996626,M
Frederick,1105.0,256987.0,258092.0,5.44918016499,M
Fredrick,259.0,62577.0,62836.0,5.48732501574,M
Freeman,5.0,10464.0,10469.0,7.64625816126,M
Gabriela,68192.0,370.0,68562.0,-5.21657952926,F
Gabriella,78331.0,60.0,78391.0,-7.17435415456,F
Gabrielle,119448.0,651.0,120099.0,-5.212126767,F
Gage,189.0,43894.0,44083.0,5.4477859004,M
Garret,5.0,12529.0,12534.0,7.82636332381,M
Garrett,431.0,119297.0,119728.0,5.62326337098,M
Garry,179.0,47228.0,47407.0,5.57535641019,M
Gary,3287.0,896214.0,899501.0,5.60820392906,M
Gavin,300.0,125735.0,126035.0,6.0381493219,M
Gayla,10832.0,6.0,10838.0,-7.49850052592,F
Geneva,86342.0,304.0,86646.0,-5.64904373167,F
Genevieve,99738.0,145.0,99883.0,-6.53356828434,F
Geoffrey,140.0,53326.0,53466.0,5.94253687348,M
George,9915.0,1443869.0,1453784.0,4.98103283314,M
Georgia,142001.0,727.0,142728.0,-5.27466290128,F
Gerald,2388.0,444816.0,447204.0,5.22720451798,M
Geraldine,209111.0,747.0,209858.0,-5.63455530531,F
Gerard,112.0,56583.0,56695.0,6.22496499442,M
Gerardo,239.0,45871.0,46110.0,5.25712483616,M
Gertrude,176665.0,568.0,177233.0,-5.73988914413,F
Gianna,39806.0,22.0,39828.0,-7.50073048032,F
Gilbert,674.0,127229.0,127903.0,5.24051378041,M
Gilberto,58.0,26145.0,26203.0,6.11097023608,M
Gillian,14687.0,61.0,14748.0,-5.48384416358,F
Gina,151161.0,398.0,151559.0,-5.93964876766,F
Ginger,45205.0,41.0,45246.0,-7.00539091247,F
Gino,12.0,10530.0,10542.0,6.77707695534,M
Giovanni,785.0,44331.0,45116.0,4.03375576779,M
Giselle,31797.0,44.0,31841.0,-6.58293759078,F
Gladys,265657.0,1023.0,266680.0,-5.55946651604,F
Glen,1349.0,124371.0,125720.0,4.52390545693,M
Glenda,108789.0,295.0,109084.0,-5.91019014901,F
Glenn,2136.0,246333.0,248469.0,4.747749358,M
Glenna,25488.0,5.0,25493.0,-8.53652511972,F
Gloria,407239.0,1736.0,408975.0,-5.45781662044,F
Goldie,35468.0,435.0,35903.0,-4.40104012941,F
Gordon,670.0,151352.0,152022.0,5.42008581638,M
Grace,437620.0,1244.0,438864.0,-5.86301895959,F
Gracie,59589.0,45.0,59634.0,-7.18856378249,F
Graciela,14522.0,39.0,14561.0,-5.91985837381,F
Grady,630.0,39419.0,40049.0,4.13628339317,M
Graham,85.0,28172.0,28257.0,5.80343259937,M
Grant,194.0,105374.0,105568.0,6.29741304628,M
Greg,143.0,77268.0,77411.0,6.29219054707,M
Gregg,113.0,36338.0,36451.0,5.77323148595,M
Gregory,2856.0,698946.0,701802.0,5.50015144155,M
Greta,21581.0,5.0,21586.0,-8.37013066451,F
Gretchen,52023.0,38.0,52061.0,-7.22185504774,F
Griffin,440.0,26902.0,27342.0,4.11318118536,M
Grover,92.0,26768.0,26860.0,5.67317384618,M
Guillermo,74.0,27142.0,27216.0,5.90477252944,M
Gus,5.0,17595.0,17600.0,8.16593213732,M
Gustavo,104.0,32726.0,32830.0,5.75153424885,M
Guy,471.0,88527.0,88998.0,5.2362047752,M
Gwen,27841.0,294.0,28135.0,-4.550685266,F
Gwendolyn,112806.0,333.0,113139.0,-5.82528231814,F
Hailee,12076.0,6.0,12082.0,-7.6072158216,F
Hailey,123090.0,228.0,123318.0,-6.29132544515,F
Hal,12.0,16416.0,16428.0,7.22110509818,M
Haleigh,12044.0,9.0,12053.0,-7.19909731227,F
Haley,145721.0,816.0,146537.0,-5.18503475861,F
Halle,10905.0,6.0,10911.0,-7.50521720941,F
Hanna,32569.0,108.0,32677.0,-5.70898496757,F
Hannah,381370.0,649.0,382019.0,-6.37609259477,F
Hans,5.0,13809.0,13814.0,7.92363792005,M
Harlan,45.0,21765.0,21810.0,6.18139596422,M
Harmony,12961.0,13.0,12974.0,-6.90475076996,F
Harold,2649.0,547465.0,550114.0,5.33111632242,M
Harriet,87426.0,121.0,87547.0,-6.58275745465,F
Harriett,21468.0,5.0,21473.0,-8.36488082086,F
Harris,77.0,13782.0,13859.0,5.18731325006,M
Harrison,167.0,53610.0,53777.0,5.7714970844,M
Harry,2018.0,418373.0,420391.0,5.33426645719,M
Harvey,666.0,116309.0,116975.0,5.16271605104,M
Hattie,95536.0,494.0,96030.0,-5.2647229016,F
Haylee,22083.0,20.0,22103.0,-7.00683108717,F
Hayley,44538.0,46.0,44584.0,-6.87545663986,F
Hazel,233185.0,2629.0,235814.0,-4.48522858419,F
Heath,181.0,25861.0,26042.0,4.96199429007,M
Heather,522278.0,1476.0,523754.0,-5.86886428699,F
Heaven,17980.0,206.0,18186.0,-4.46913913924,F
Hector,481.0,92879.0,93360.0,5.26318557963,M
Heidi,135934.0,360.0,136294.0,-5.93382072136,F
Helen,1012712.0,3106.0,1015818.0,-5.78705143505,F
Henrietta,50311.0,56.0,50367.0,-6.80062732932,F
Henry,4440.0,614066.0,618506.0,4.92944803778,M
Herbert,1116.0,227136.0,228252.0,5.31579809306,M
Herman,794.0,134880.0,135674.0,5.13505731199,M
Hilda,80269.0,182.0,80451.0,-6.08913208602,F
Holden,85.0,12524.0,12609.0,4.99275082596,M
Holly,195046.0,1541.0,196587.0,-4.84080387184,F
Homer,367.0,60470.0,60837.0,5.10454080521,M
Hope,77818.0,490.0,78308.0,-5.06772265477,F
Horace,202.0,53782.0,53984.0,5.58442642028,M
Houston,231.0,13385.0,13616.0,4.05947224543,M
Howard,1677.0,343314.0,344991.0,5.32163899745,M
Hubert,189.0,57019.0,57208.0,5.70939280955,M
Hugh,349.0,79517.0,79866.0,5.42865419206,M
Hugo,30.0,26640.0,26670.0,6.78897174299,M
Humberto,10.0,15031.0,15041.0,7.31528492114,M
Ian,685.0,184484.0,185169.0,5.59589917957,M
Ida,185060.0,766.0,185826.0,-5.48725320606,F
Ignacio,22.0,16510.0,16532.0,6.62067908356,M
Ila,20949.0,60.0,21009.0,-5.85550162929,F
Imogene,27153.0,55.0,27208.0,-6.20190963126,F
Ina,33327.0,65.0,33392.0,-6.23973588835,F
India,20345.0,27.0,20372.0,-6.62475359443,F
Inez,66927.0,932.0,67859.0,-4.27402493746,F
Ingrid,23721.0,17.0,23738.0,-7.24090266668,F
Iona,11368.0,5.0,11373.0,-7.72911975734,F
Irene,348459.0,1344.0,349803.0,-5.55787033412,F
Iris,69636.0,638.0,70274.0,-4.69269867063,F
Irma,72795.0,251.0,73046.0,-5.66994961138,F
Irvin,74.0,38104.0,38178.0,6.24400944928,M
Irving,85.0,42666.0,42751.0,6.21850637262,M
Irwin,12.0,15698.0,15710.0,7.1763819449,M
Isaac,657.0,205836.0,206493.0,5.74715099571,M
Isabel,101218.0,1797.0,103015.0,-4.03115799885,F
Isabell,13001.0,5.0,13006.0,-7.86334364413,F
Isabella,201112.0,241.0,201353.0,-6.72682031229,F
Isabelle,69888.0,20.0,69908.0,-8.15891696611,F
Isaiah,505.0,152781.0,153286.0,5.71220237316,M
Isiah,11.0,21889.0,21900.0,7.59584423371,M
Ismael,73.0,29720.0,29793.0,6.00911605768,M
Israel,847.0,48574.0,49421.0,4.04914299266,M
Issac,17.0,17725.0,17742.0,6.94951800734,M
Itzel,11071.0,85.0,11156.0,-4.86943309937,F
Iva,36843.0,564.0,37407.0,-4.17936666878,F
Ivan,615.0,108694.0,109309.0,5.17466960599,M
Jace,424.0,26237.0,26661.0,4.12519245202,M
Jack,2588.0,626001.0,628589.0,5.4884665919,M
Jacklyn,15634.0,5.0,15639.0,-8.04776539635,F
Jackson,437.0,145099.0,145536.0,5.80523835195,M
Jaclyn,47707.0,103.0,47810.0,-6.1381044284,F
Jacob,2103.0,800407.0,802510.0,5.94175545158,M
Jacqueline,411757.0,1386.0,413143.0,-5.69401146875,F
Jacquelyn,82845.0,110.0,82955.0,-6.62424630521,F
Jada,55392.0,232.0,55624.0,-5.47545308631,F
Jake,206.0,106187.0,106393.0,6.24508080096,M
Jamal,266.0,29069.0,29335.0,4.69393128445,M
Jamar,73.0,13546.0,13619.0,5.22338713863,M
James,23044.0,5049727.0,5072771.0,5.38968402953,M
Jana,42654.0,39.0,42693.0,-6.99731468903,F
Janae,14592.0,6.0,14598.0,-7.79646924309,F
Jane,363243.0,1127.0,364370.0,-5.77551279673,F
Janel,11610.0,32.0,11642.0,-5.89388617189,F
Janell,15094.0,23.0,15117.0,-6.48655837692,F
Janelle,48315.0,86.0,48401.0,-6.33115005418,F
Janet,554492.0,1518.0,556010.0,-5.9006587003,F
Janette,31438.0,42.0,31480.0,-6.618103013,F
Janice,404285.0,1159.0,405444.0,-5.85456251044,F
Janie,73400.0,276.0,73676.0,-5.58327834889,F
Janine,32988.0,11.0,32999.0,-8.00600386515,F
Janis,48551.0,164.0,48715.0,-5.69050364301,F
Jannie,14703.0,28.0,14731.0,-6.2636023234,F
Jaqueline,13490.0,23.0,13513.0,-6.37420973327,F
Jared,760.0,191764.0,192524.0,5.53070229502,M
Jarod,5.0,11383.0,11388.0,7.73043838089,M
Jarred,8.0,12743.0,12751.0,7.37329583853,M
Jarrett,78.0,21021.0,21099.0,5.59656839035,M
Jarrod,65.0,24575.0,24640.0,5.93509767512,M
Jarvis,123.0,16011.0,16134.0,4.86884690963,M
Jasmin,40601.0,584.0,41185.0,-4.241646993,F
Jasmine,223137.0,1242.0,224379.0,-5.19106294909,F
Jason,4968.0,991561.0,996529.0,5.29626312438,M
Jasper,497.0,28398.0,28895.0,4.04548397304,M
Javier,487.0,84132.0,84619.0,5.15187814991,M
Jaxon,131.0,20797.0,20928.0,5.06736670132,M
Jaxson,13.0,10139.0,10152.0,6.65919529549,M
Jay,2438.0,183138.0,185576.0,4.31906193595,M
Jayda,13091.0,24.0,13115.0,-6.30162641983,F
Jayla,26908.0,51.0,26959.0,-6.26835328642,F
Jayne,28023.0,32.0,28055.0,-6.77504497774,F
Jayson,32.0,26502.0,26534.0,6.71923957802,M
Jazmin,35173.0,221.0,35394.0,-5.06987132028,F
Jazmine,30191.0,99.0,30290.0,-5.72017929557,F
Jeanette,162151.0,538.0,162689.0,-5.70842471868,F
Jeanine,23537.0,11.0,23548.0,-7.66843365724,F
Jeanne,162663.0,361.0,163024.0,-6.1105578966,F
Jeannette,68796.0,49.0,68845.0,-7.24708058459,F
Jeannie,35748.0,55.0,35803.0,-6.47691641727,F
Jeannine,23952.0,6.0,23958.0,-8.29204763743,F
Jeff,258.0,119322.0,119580.0,6.13662141522,M
Jeffery,1268.0,226477.0,227745.0,5.1852025385,M
Jeffrey,3492.0,964279.0,967771.0,5.62090603385,M
Jeffry,10.0,14981.0,14991.0,7.31195291752,M
Jena,12623.0,7.0,12630.0,-7.4973656767,F
Jenifer,25098.0,22.0,25120.0,-7.03950098731,F
Jenna,135377.0,256.0,135633.0,-6.27064131349,F
Jennie,126165.0,479.0,126644.0,-5.57364525565,F
Jennifer,1455078.0,4809.0,1459887.0,-5.71232562412,F
Jenny,88585.0,605.0,89190.0,-4.986489364,F
Jerald,103.0,25663.0,25766.0,5.51807655659,M
Jeremiah,575.0,142108.0,142683.0,5.50997257008,M
Jeremy,2290.0,417112.0,419402.0,5.2048029533,M
Jeri,22458.0,376.0,22834.0,-4.08981303374,F
Jerome,1061.0,157578.0,158639.0,5.00070871414,M
Jerri,15366.0,279.0,15645.0,-4.00870077361,F
Jess,412.0,24653.0,25065.0,4.09163052657,M
Jessica,1031638.0,3559.0,1035197.0,-5.66942350278,F
Jesus,2583.0,201452.0,204035.0,4.3565996255,M
Jill,207582.0,501.0,208083.0,-6.02667562023,F
Jillian,74882.0,227.0,75109.0,-5.79871880272,F
Jim,815.0,152428.0,153243.0,5.23125951915,M
Jimmy,2218.0,282017.0,284235.0,4.84536146388,M
Jo,178580.0,1772.0,180352.0,-4.61292782791,F
Joan,479216.0,5015.0,484231.0,-4.55971801381,F
Joann,155836.0,542.0,156378.0,-5.66129344976,F
Joanna,95153.0,300.0,95453.0,-5.75945892674,F
Joanne,210537.0,504.0,211041.0,-6.03484042056,F
Joaquin,53.0,20566.0,20619.0,5.96110259224,M
Jocelyn,84833.0,340.0,85173.0,-5.51949427941,F
Jodi,78973.0,867.0,79840.0,-4.5118223241,F
Joel,2504.0,246221.0,248725.0,4.58834005338,M
Joesph,12.0,15264.0,15276.0,7.1483457439,M
Johanna,46844.0,129.0,46973.0,-5.8947658068,F
John,21578.0,5040319.0,5061897.0,5.45355037558,M
Johnathan,349.0,84143.0,84492.0,5.48520108917,M
Johnathon,52.0,23342.0,23394.0,6.10676587339,M
Johnny,3668.0,303202.0,306870.0,4.41475269566,M
Jolene,28500.0,12.0,28512.0,-7.77275271647,F
Jon,1250.0,163331.0,164581.0,4.87263526531,M
Jonah,411.0,42967.0,43378.0,4.64959444368,M
Jonas,28.0,19149.0,19177.0,6.52780126375,M
Jonathan,3439.0,775934.0,779373.0,5.41888673357,M
Jonathon,224.0,62470.0,62694.0,5.63079566863,M
Joni,27805.0,444.0,28249.0,-4.13714657719,F
Jorge,683.0,116704.0,117387.0,5.14090123404,M
Jose,4096.0,521271.0,525367.0,4.84625917233,M
Josefina,12684.0,35.0,12719.0,-5.89274857417,F
Joselyn,12758.0,5.0,12763.0,-7.84447589237,F
Joseph,10529.0,2519280.0,2529809.0,5.47759507052,M
Josephine,288051.0,985.0,289036.0,-5.6782511856,F
Joshua,4792.0,1125231.0,1130023.0,5.45879576608,M
Josiah,257.0,56176.0,56433.0,5.38716881351,M
Josie,47670.0,452.0,48122.0,-4.65837536837,F
Josue,177.0,37590.0,37767.0,5.35834360398,M
Joyce,504839.0,2827.0,507666.0,-5.18502348785,F
Juan,2700.0,317995.0,320695.0,4.76878388638,M
Juana,16670.0,88.0,16758.0,-5.24402916127,F
Juanita,206420.0,991.0,207411.0,-5.33895367279,F
Judith,449997.0,1241.0,451238.0,-5.89332340985,F
Judy,380917.0,1094.0,382011.0,-5.85274079963,F
Julia,430416.0,1715.0,432131.0,-5.52533910226,F
Juliana,41764.0,43.0,41807.0,-6.87858988772,F
Julianna,31992.0,20.0,32012.0,-7.37750887697,F
Julie,502647.0,1522.0,504169.0,-5.79986287503,F
Julio,422.0,54833.0,55255.0,4.86704216744,M
Julissa,18990.0,11.0,19001.0,-7.45377253101,F
Julius,410.0,70196.0,70606.0,5.14288944864,M
June,185140.0,3132.0,188272.0,-4.07944051751,F
Junior,195.0,38345.0,38540.0,5.28137986164,M
Justin,3736.0,740428.0,744164.0,5.28921287701,M
Justina,11381.0,6.0,11387.0,-7.54794110805,F
Kacie,11072.0,32.0,11104.0,-5.84643877506,F
Kade,127.0,10803.0,10930.0,4.44339206586,M
Kaelyn,9949.0,56.0,10005.0,-5.17987563185,F
Kailey,20495.0,10.0,20505.0,-7.62535113994,F
Kaitlin,55504.0,75.0,55579.0,-6.60672225567,F
Kaitlyn,148617.0,227.0,148844.0,-6.48417778832,F
Kaitlynn,13864.0,5.0,13869.0,-7.92761291896,F
Kaleb,179.0,55909.0,56088.0,5.74409484213,M
Kaleigh,13437.0,6.0,13443.0,-7.71400790565,F
Kaley,11493.0,25.0,11518.0,-6.1306176085,F
Kara,93439.0,282.0,93721.0,-5.80315702501,F
Kareem,193.0,12646.0,12839.0,4.18240604971,M
Karen,980322.0,2747.0,983069.0,-5.87737168201,F
Kari,57904.0,594.0,58498.0,-4.57966242644,F
Karin,28167.0,129.0,28296.0,-5.38609395456,F
Karina,52714.0,252.0,52966.0,-5.34320726639,F
Karl,912.0,98698.0,99610.0,4.68417997172,M
Karla,83578.0,309.0,83887.0,-5.60019432965,F
Karyn,13955.0,5.0,13960.0,-7.93415523354,F
Kassandra,29102.0,16.0,29118.0,-7.50597345708,F
Kassidy,13680.0,243.0,13923.0,-4.03062874784,F
Kate,68948.0,87.0,69035.0,-6.67519975762,F
Katelyn,118449.0,151.0,118600.0,-6.66495793036,F
Katelynn,26109.0,11.0,26120.0,-7.77214008866,F
Katharine,40226.0,11.0,40237.0,-8.20437355891,F
Katherine,609710.0,1803.0,611513.0,-5.82353149007,F
Kathleen,708768.0,1692.0,710460.0,-6.03761699036,F
Kathryn,443618.0,1093.0,444711.0,-6.00603762256,F
Kathy,332477.0,739.0,333216.0,-6.1090280428,F
Katie,227542.0,494.0,228036.0,-6.13255459853,F
Katina,11156.0,34.0,11190.0,-5.79337222413,F
Katlyn,17856.0,5.0,17861.0,-8.18065695275,F
Katrina,98849.0,238.0,99087.0,-6.02907803854,F
Katy,19148.0,5.0,19153.0,-8.25051563808,F
Kayla,314684.0,552.0,315236.0,-6.34577619341,F
Kaylee,91342.0,144.0,91486.0,-6.45255268314,F
Kayleigh,22334.0,7.0,22341.0,-8.06795531095,F
Keely,11198.0,21.0,11219.0,-6.27896803219,F
Keira,18820.0,7.0,18827.0,-7.89676526408,F
Keisha,21485.0,44.0,21529.0,-6.19092066229,F
Keith,2215.0,429280.0,431495.0,5.26685698318,M
Kelli,74327.0,300.0,74627.0,-5.51244708169,F
Kellie,50156.0,354.0,50510.0,-4.95359651418,F
Kelvin,304.0,46741.0,47045.0,5.03534930141,M
Ken,25.0,32031.0,32056.0,7.15558363798,M
Kendra,87155.0,343.0,87498.0,-5.53771297448,F
Kendrick,293.0,22524.0,22817.0,4.34216407736,M
Kenneth,5330.0,1257723.0,1263053.0,5.46370698406,M
Kennith,5.0,10348.0,10353.0,7.63511063087,M
Kenny,500.0,48589.0,49089.0,4.5765443484,M
Kent,171.0,67320.0,67491.0,5.9755490918,M
Keri,31623.0,324.0,31947.0,-4.58089646713,F
Kermit,27.0,16365.0,16392.0,6.40706332093,M
Kerri,36662.0,348.0,37010.0,-4.6572935955,F
Kevin,5246.0,1128247.0,1133493.0,5.37095449827,M
Khalil,97.0,12486.0,12583.0,4.85765231712,M
Khloe,12524.0,7.0,12531.0,-7.48949193339,F
Kiana,21539.0,19.0,21558.0,-7.03318154521,F
Kiara,41340.0,221.0,41561.0,-5.23142313172,F
Kiera,16456.0,19.0,16475.0,-6.76400645217,F
Kierra,14163.0,18.0,14181.0,-6.66801645132,F
Kiersten,13107.0,5.0,13112.0,-7.87146380519,F
Kimberley,37491.0,235.0,37726.0,-5.07227066901,F
Kimberly,814903.0,4242.0,819145.0,-5.25803423161,F
Kira,28217.0,27.0,28244.0,-6.95184304617,F
Kirk,196.0,66890.0,67086.0,5.83269009888,M
Kirsten,51320.0,211.0,51531.0,-5.49397768525,F
Kobe,195.0,12159.0,12354.0,4.13282535673,M
Krista,72332.0,148.0,72480.0,-6.19180963674,F
Kristen,215189.0,2039.0,217228.0,-4.65905722015,F
Kristi,76188.0,138.0,76326.0,-6.3137055638,F
Kristie,38119.0,44.0,38163.0,-6.76427849056,F
Kristin,178099.0,1622.0,179721.0,-4.69867961976,F
Kristina,132849.0,352.0,133201.0,-5.93333724828,F
Kristine,83265.0,185.0,83450.0,-6.10942774671,F
Kristopher,297.0,58088.0,58385.0,5.27598224226,M
Kristy,69775.0,179.0,69954.0,-5.96564525256,F
Krystal,72277.0,190.0,72467.0,-5.94123716643,F
Krystle,12916.0,44.0,12960.0,-5.68203249796,F
Kurt,196.0,84411.0,84607.0,6.06533834461,M
Kurtis,25.0,17113.0,17138.0,6.52871786271,M
Kyla,32045.0,29.0,32074.0,-7.00760061395,F
Kyle,8251.0,460124.0,468375.0,4.02116161325,M
Kylee,35467.0,374.0,35841.0,-4.55210216826,F
Kyleigh,11535.0,6.0,11541.0,-7.56138170138,F
Kylie,80391.0,408.0,80799.0,-5.2833903342,F
Kyra,30031.0,23.0,30054.0,-7.17449124453,F
Laila,19844.0,11.0,19855.0,-7.49776170062,F
Lakeisha,12740.0,36.0,12776.0,-5.86898299067,F
Lakisha,12293.0,12.0,12305.0,-6.93187862388,F
Lamont,165.0,22493.0,22658.0,4.91501395478,M
Lana,45379.0,15.0,45394.0,-8.01475452085,F
Lance,345.0,99812.0,100157.0,5.66749927852,M
Landen,135.0,15330.0,15465.0,4.73229219343,M
Landon,601.0,94299.0,94900.0,5.05563092958,M
Lara,24640.0,34.0,24674.0,-6.58576589303,F
Larry,3560.0,801006.0,804566.0,5.41610789281,M
Latasha,30112.0,114.0,30226.0,-5.57648059399,F
Latisha,18276.0,38.0,18314.0,-6.17575784296,F
Latonya,21689.0,67.0,21756.0,-5.77986787917,F
Latoya,45301.0,185.0,45486.0,-5.5007285612,F
Laura,787080.0,2573.0,789653.0,-5.72325736179,F
Lauren,445128.0,5725.0,450853.0,-4.35351933181,F
Laurence,444.0,38769.0,39213.0,4.46955167476,M
Lauri,11012.0,187.0,11199.0,-4.07563224941,F
Laurie,165662.0,1954.0,167616.0,-4.4400710144,F
Lauryn,15559.0,12.0,15571.0,-7.16748787853,F
Lavonne,16399.0,217.0,16616.0,-4.3250782828,F
Lawanda,12087.0,6.0,12093.0,-7.60812630463,F
Lawrence,2115.0,452425.0,454540.0,5.36556719105,M
Layla,36623.0,44.0,36667.0,-6.7242421034,F
Leah,181640.0,388.0,182028.0,-6.14877664559,F
Leann,23334.0,7.0,23341.0,-8.11175665433,F
Leanna,20819.0,5.0,20824.0,-8.33418339784,F
Leila,35277.0,6.0,35283.0,-8.67922700326,F
Leilani,18533.0,19.0,18552.0,-6.88286922663,F
Lela,41094.0,68.0,41162.0,-6.40410969925,F
Leland,369.0,46955.0,47324.0,4.8461483312,M
Lena,129723.0,325.0,130048.0,-5.98933150456,F
Lenora,33655.0,31.0,33686.0,-6.98992970796,F
Lenore,22016.0,6.0,22022.0,-8.20776527151,F
Leo,1850.0,169595.0,171445.0,4.5182276027,M
Leola,27818.0,53.0,27871.0,-6.26314665861,F
Leon,1423.0,157310.0,158733.0,4.70545106173,M
Leona,105494.0,294.0,105788.0,-5.8828295909,F
Leonard,1412.0,288169.0,289581.0,5.31853997452,M
Leonardo,110.0,39007.0,39117.0,5.87101603039,M
Leonel,5.0,14097.0,14102.0,7.94427937534,M
Leora,10543.0,6.0,10549.0,-7.47145794235,F
Leroy,1183.0,197248.0,198431.0,5.11640823526,M
Lesa,11389.0,12.0,11401.0,-6.85549660649,F
Lester,1359.0,128975.0,130334.0,4.55286945196,M
Letha,19079.0,25.0,19104.0,-6.63746770786,F
Leticia,40878.0,215.0,41093.0,-5.24770927187,F
Levi,502.0,85251.0,85753.0,5.13475500559,M
Lewis,870.0,147495.0,148365.0,5.13305634423,M
Lia,11685.0,10.0,11695.0,-7.06347615398,F
Liam,142.0,70403.0,70545.0,6.20616409727,M
Libby,14237.0,5.0,14242.0,-7.95416157618,F
Lila,53295.0,57.0,53352.0,-6.84054652929,F
Lilia,10281.0,5.0,10286.0,-7.62861489811,F
Liliana,34162.0,157.0,34319.0,-5.38262338885,F
Lillian,391851.0,1383.0,393234.0,-5.64662661281,F
Lillie,151641.0,873.0,152514.0,-5.15733560834,F
Lilly,38383.0,24.0,38407.0,-7.37731610187,F
Lily,93208.0,101.0,93309.0,-6.82746831706,F
Lina,13395.0,5.0,13400.0,-7.89319886954,F
Lincoln,192.0,21200.0,21392.0,4.70426108863,M
Linda,1448771.0,3756.0,1452527.0,-5.95511632846,F
Linwood,5.0,12632.0,12637.0,7.8345506435,M
Lionel,44.0,27517.0,27561.0,6.43836964056,M
Lisa,962293.0,2785.0,965078.0,-5.84507110472,F
Liza,15828.0,14.0,15842.0,-7.03047847289,F
Lizbeth,21505.0,31.0,21536.0,-6.54205354073,F
Lizette,11230.0,5.0,11235.0,-7.7169061353,F
Lizzie,38256.0,102.0,38358.0,-5.92708287641,F
Lloyd,999.0,159235.0,160234.0,5.07138159883,M
Lois,331209.0,2636.0,333845.0,-4.83348697941,F
Lola,77260.0,275.0,77535.0,-5.63816053855,F
Lona,10685.0,17.0,10702.0,-6.4433828237,F
Lora,51385.0,249.0,51634.0,-5.32964868359,F
Lorena,42106.0,219.0,42325.0,-5.25887379751,F
Lorene,39058.0,113.0,39171.0,-5.84541518113,F
Lorenzo,303.0,52775.0,53078.0,5.16006006721,M
Loretta,173572.0,500.0,174072.0,-5.84973967945,F
Lori,339910.0,852.0,340762.0,-5.98884962884,F
Lorie,21792.0,105.0,21897.0,-5.33533785879,F
Lorna,27918.0,22.0,27940.0,-7.14598446771,F
Lorraine,207648.0,935.0,208583.0,-5.40305308813,F
Lorrie,17248.0,88.0,17336.0,-5.27811465923,F
Lottie,45624.0,132.0,45756.0,-5.84538725025,F
Louis,2815.0,386764.0,389579.0,4.9228524263,M
Louisa,16857.0,5.0,16862.0,-8.12308336735,F
Louise,331029.0,2189.0,333218.0,-5.01876116629,F
Lourdes,13488.0,69.0,13557.0,-5.27544917564,F
Lowell,347.0,40730.0,41077.0,4.7653954207,M
Loyd,86.0,22337.0,22423.0,5.55965247908,M
Luann,15351.0,6.0,15357.0,-7.84717642825,F
Lucas,361.0,156719.0,157080.0,6.07333171346,M
Lucia,31654.0,91.0,31745.0,-5.85176029538,F
Lucile,34413.0,96.0,34509.0,-5.88184148748,F
Lucille,216502.0,751.0,217253.0,-5.66394941249,F
Lucinda,36247.0,11.0,36258.0,-8.10021662544,F
Lucy,168666.0,610.0,169276.0,-5.62221674986,F
Luella,29100.0,16.0,29116.0,-7.50590473092,F
Luis,1481.0,242223.0,243704.0,5.09714125417,M
Luisa,10672.0,33.0,10705.0,-5.77887120669,F
Lukas,19.0,20779.0,20798.0,6.99725916113,M
Luke,451.0,194152.0,194603.0,6.06492929692,M
Lula,83652.0,344.0,83996.0,-5.4937789579,F
Luther,440.0,65343.0,65783.0,5.00063087087,M
Lydia,140061.0,259.0,140320.0,-6.29300525928,F
Lyle,944.0,56237.0,57181.0,4.0872040161,M
Lynda,77464.0,119.0,77583.0,-6.47844509818,F
Lyndsey,13784.0,27.0,13811.0,-6.2354269122,F
Lynette,42229.0,53.0,42282.0,-6.68057055425,F
Lynne,61787.0,457.0,62244.0,-4.90676487444,F
Mabel,131102.0,409.0,131511.0,-5.77001576912,F
Mable,52641.0,215.0,52856.0,-5.50061253465,F
Macie,12980.0,31.0,13011.0,-6.03717778577,F
Mack,180.0,36050.0,36230.0,5.29970529182,M
Maddison,11956.0,42.0,11998.0,-5.65131890512,F
Madeleine,32265.0,10.0,32275.0,-8.07915323738,F
Madeline,161504.0,229.0,161733.0,-6.55856318559,F
Madelyn,59279.0,33.0,59312.0,-7.49350282927,F
Madisyn,10196.0,5.0,10201.0,-7.62031285306,F
Mae,107111.0,601.0,107712.0,-5.18302602438,F
Magdalena,15738.0,10.0,15748.0,-7.3612483561,F
Maggie,105002.0,277.0,105279.0,-5.93771717039,F
Major,16.0,10429.0,10445.0,6.47975694388,M
Makayla,80957.0,142.0,81099.0,-6.3458463709,F
Makenna,19350.0,8.0,19358.0,-7.79100615678,F
Makenzie,27286.0,267.0,27553.0,-4.62688037072,F
Malachi,160.0,28807.0,28967.0,5.19319987691,M
Malcolm,119.0,56455.0,56574.0,6.1620756465,M
Malik,241.0,36766.0,37007.0,5.02753185055,M
Mamie,77568.0,278.0,77846.0,-5.6312891363,F
Mandy,41468.0,138.0,41606.0,-5.70542363929,F
Manuel,1153.0,173284.0,174437.0,5.01256462573,M
Mara,17430.0,16.0,17446.0,-6.99335941627,F
Marc,531.0,136230.0,136761.0,5.54733789152,M
Marcella,62403.0,222.0,62625.0,-5.63869124825,F
Marci,13662.0,11.0,13673.0,-7.12447826249,F
Marcia,132692.0,283.0,132975.0,-6.1503390345,F
Marcie,15189.0,13.0,15202.0,-7.06337740318,F
Marco,338.0,61615.0,61953.0,5.20561473089,M
Marcos,162.0,42832.0,42994.0,5.57744443053,M
Marcus,1322.0,211500.0,212822.0,5.07507925706,M
Marcy,21283.0,256.0,21539.0,-4.42048646648,F
Margaret,1232653.0,3737.0,1236390.0,-5.79864088564,F
Margarita,38367.0,195.0,38562.0,-5.28195343554,F
Margie,105714.0,397.0,106111.0,-5.58455633273,F
Margo,22516.0,34.0,22550.0,-6.49562092197,F
Marguerite,92868.0,101.0,92969.0,-6.82381389222,F
Mari,14752.0,5.0,14757.0,-7.98969603336,F
Maria,522467.0,4188.0,526655.0,-4.82633853094,F
Mariah,90329.0,169.0,90498.0,-6.28131512464,F
Mariam,10643.0,5.0,10648.0,-7.66321976561,F
Marian,138986.0,1326.0,140312.0,-4.65220631687,F
Mariana,28661.0,84.0,28745.0,-5.83247579377,F
Marianne,64068.0,49.0,64117.0,-7.17588000018,F
Maribel,22677.0,185.0,22862.0,-4.80875064888,F
Maricela,12106.0,56.0,12162.0,-5.37610478572,F
Marie,532398.0,2192.0,534590.0,-5.49257696085,F
Marilyn,365367.0,1066.0,366433.0,-5.83698900214,F
Marina,32768.0,51.0,32819.0,-6.46538207567,F
Mario,1092.0,134506.0,135598.0,4.81359793039,M
Marisa,47093.0,66.0,47159.0,-6.57022490698,F
Marisol,29907.0,315.0,30222.0,-4.55327520687,F
Marissa,113868.0,269.0,114137.0,-6.04808378216,F
Maritza,20822.0,79.0,20901.0,-5.57431754657,F
Marjorie,270358.0,594.0,270952.0,-6.12062296628,F
Mark,4477.0,1334372.0,1338849.0,5.69726286891,M
Marla,37667.0,38.0,37705.0,-6.89895349882,F
Marlene,127639.0,359.0,127998.0,-5.87363885734,F
Marlon,335.0,26917.0,27252.0,4.38638280442,M
Marquita,10976.0,30.0,11006.0,-5.9022689683,F
Marsha,103885.0,251.0,104136.0,-6.02558685795,F
Marshall,1108.0,83484.0,84592.0,4.3220984084,M
Marta,16483.0,46.0,16529.0,-5.88144342924,F
Martha,545513.0,1991.0,547504.0,-5.61308961125,F
Martin,1471.0,296672.0,298143.0,5.30668470981,M
Martina,16263.0,40.0,16303.0,-6.00776841381,F
Marva,10335.0,7.0,10342.0,-7.29738132306,F
Marvin,1610.0,246539.0,248149.0,5.03128601698,M
Mary,4103935.0,15139.0,4119074.0,-5.60242735289,F
Maryann,61202.0,52.0,61254.0,-7.07069142912,F
Mason,2263.0,151922.0,154185.0,4.20667586459,M
Mathew,207.0,70616.0,70823.0,5.83229323343,M
Matilda,27962.0,10.0,27972.0,-7.93601663155,F
Matt,5.0,23171.0,23176.0,8.44121886332,M
Matthew,5393.0,1498203.0,1503596.0,5.62691985256,M
Mattie,129058.0,779.0,129837.0,-5.11000614883,F
Maud,13119.0,31.0,13150.0,-6.0478296356,F
Maude,45410.0,133.0,45543.0,-5.83313849587,F
Maura,17856.0,5.0,17861.0,-8.18065695275,F
Maureen,143631.0,328.0,143959.0,-6.08198918135,F
Mauricio,6.0,17120.0,17126.0,7.95624318047,M
Mavis,18229.0,135.0,18364.0,-4.90549423309,F
Max,518.0,123383.0,123901.0,5.47307337533,M
Maxine,110230.0,377.0,110607.0,-5.67807918351,F
Maxwell,142.0,66210.0,66352.0,6.14475973032,M
May,47379.0,699.0,48078.0,-4.2162836293,F
Maya,63521.0,127.0,63648.0,-6.21493875241,F
Maynard,22.0,14692.0,14714.0,6.50401595358,M
Mayra,30819.0,345.0,31164.0,-4.49234224485,F
Mckayla,10245.0,5.0,10250.0,-7.62510714824,F
Mckenna,26672.0,183.0,26855.0,-4.98188345215,F
Meagan,40763.0,72.0,40835.0,-6.33886396718,F
Meaghan,13827.0,7.0,13834.0,-7.58846833233,F
Megan,428400.0,1096.0,429496.0,-5.96839015005,F
Meghan,92698.0,226.0,92924.0,-6.01656717708,F
Melanie,219574.0,598.0,220172.0,-5.90585383057,F
Melba,34809.0,52.0,34861.0,-6.50638753443,F
Melinda,133884.0,337.0,134221.0,-5.98464610203,F
Melisa,17988.0,10.0,17998.0,-7.4948750549,F
Melissa,742742.0,2490.0,745232.0,-5.69806603302,F
Melody,80540.0,164.0,80704.0,-6.19664280658,F
Melva,14133.0,29.0,14162.0,-6.18897193738,F
Melvin,2140.0,239601.0,241741.0,4.71816921082,M
Mercedes,42613.0,369.0,42982.0,-4.74911800598,F
Mervin,38.0,11460.0,11498.0,5.70903183054,M
Mia,123318.0,191.0,123509.0,-6.47024823585,F
Micaela,11594.0,6.0,11600.0,-7.56648353267,F
Michael,21470.0,4243903.0,4265373.0,5.28658203179,M
Michaela,45015.0,69.0,45084.0,-6.48064454195,F
Micheal,1836.0,151205.0,153041.0,4.41104723978,M
Michele,222607.0,2619.0,225226.0,-4.44261531936,F
Michelle,796579.0,3239.0,799818.0,-5.50506166817,F
Miguel,973.0,155304.0,156277.0,5.07275568322,M
Mikayla,44936.0,11.0,44947.0,-8.31509926141,F
Mike,662.0,202747.0,203409.0,5.72444861938,M
Mildred,450012.0,1582.0,451594.0,-5.65058437973,F
Miles,131.0,53167.0,53298.0,6.00599585891,M
Millard,33.0,16660.0,16693.0,6.22425835425,M
Millie,25093.0,207.0,25300.0,-4.7976254085,F
Milo,81.0,12893.0,12974.0,5.06999065274,M
Milton,615.0,115599.0,116214.0,5.23626031686,M
Mindy,41222.0,67.0,41289.0,-6.42203475401,F
Minnie,158359.0,787.0,159146.0,-5.30439163806,F
Miracle,9957.0,181.0,10138.0,-4.00753406912,F
Miranda,101364.0,183.0,101547.0,-6.31698712467,F
Miriam,100368.0,274.0,100642.0,-5.90347060395,F
Misty,84003.0,237.0,84240.0,-5.87054765034,F
Mitchel,22.0,12931.0,12953.0,6.37634035494,M
Mitchell,1095.0,157724.0,158819.0,4.97009230682,M
Mohammad,10.0,10131.0,10141.0,6.92077021606,M
Moises,52.0,22354.0,22406.0,6.06351683636,M
Mollie,44057.0,46.0,44103.0,-6.86459813258,F
Molly,144626.0,339.0,144965.0,-6.05590627153,F
Mona,44283.0,31.0,44314.0,-7.26436893072,F
Monica,243545.0,982.0,244527.0,-5.513465701,F
Monique,77639.0,377.0,78016.0,-5.32757996979,F
Morris,484.0,69513.0,69997.0,4.9671841577,M
Morton,5.0,12287.0,12292.0,7.80685915943,M
Moses,45.0,34343.0,34388.0,6.63749100254,M
Muriel,54490.0,762.0,55252.0,-4.26982592189,F
Murray,304.0,21232.0,21536.0,4.24623705517,M
Mya,36888.0,41.0,36929.0,-6.80206950718,F
Myles,87.0,28036.0,28123.0,5.77533655897,M
Myra,56592.0,51.0,56643.0,-7.01179727872,F
Myrna,31471.0,42.0,31513.0,-6.61915214757,F
Myron,464.0,43745.0,44209.0,4.54624804731,M
Myrtle,136418.0,498.0,136916.0,-5.61287890347,F
Nadia,34084.0,62.0,34146.0,-6.3094489599,F
Nadine,51119.0,43.0,51162.0,-7.08071141135,F
Nancy,999033.0,2946.0,1001979.0,-5.8263394931,F
Nannie,25556.0,20.0,25576.0,-7.15289512817,F
Naomi,131464.0,252.0,131716.0,-6.25705924135,F
Natalia,44134.0,47.0,44181.0,-6.84483813773,F
Natalie,297824.0,715.0,298539.0,-6.03197544429,F
Nataly,10305.0,10.0,10315.0,-6.93779940033,F
Natasha,92001.0,285.0,92286.0,-5.77706554527,F
Nathalie,15403.0,6.0,15409.0,-7.8505581054,F
Nathan,1674.0,478567.0,480241.0,5.65558024992,M
Nathanael,12.0,16175.0,16187.0,7.20631546958,M
Nathaniel,1123.0,233913.0,235036.0,5.3389455756,M
Nayeli,12344.0,14.0,12358.0,-6.78186806443,F
Neal,257.0,53349.0,53606.0,5.33553442752,M
Ned,5.0,17107.0,17112.0,8.13780510302,M
Neil,386.0,99273.0,99659.0,5.54979154027,M
Nelda,20078.0,5.0,20083.0,-8.29794205482,F
Nell,26354.0,98.0,26452.0,-5.59440786643,F
Nellie,148113.0,592.0,148705.0,-5.52222414005,F
Nelson,409.0,73786.0,74195.0,5.19520913465,M
Nettie,49191.0,88.0,49279.0,-6.32612914444,F
Neva,20087.0,6.0,20093.0,-8.11606864941,F
Nevaeh,44181.0,340.0,44521.0,-4.86710449378,F
Nia,16560.0,10.0,16570.0,-7.41216033495,F
Nicholas,3054.0,847367.0,850421.0,5.62568168799,M
Nichole,62316.0,184.0,62500.0,-5.82503773602,F
Nick,132.0,48229.0,48361.0,5.90091385628,M
Nickolas,47.0,35497.0,35544.0,6.62705586314,M
Nicolas,174.0,70794.0,70968.0,6.00847423111,M
Nicole,568611.0,1943.0,570554.0,-5.6789633744,F
Nicolette,15125.0,5.0,15130.0,-8.01466637046,F
Nigel,85.0,10416.0,10501.0,4.80844710796,M
Nikolas,15.0,16913.0,16928.0,7.02778763487,M
Nina,118331.0,250.0,118581.0,-6.15978014342,F
Noah,1155.0,245946.0,247101.0,5.36101165567,M
Noe,226.0,17802.0,18028.0,4.36653109025,M
Noelle,24768.0,35.0,24803.0,-6.5619597149,F
Noemi,16978.0,69.0,17047.0,-5.5055671627,F
Nola,20272.0,9.0,20281.0,-7.71977132522,F
Nolan,187.0,58720.0,58907.0,5.74942704643,M
Nora,114343.0,761.0,115104.0,-5.01232462415,F
Norbert,6.0,20222.0,20228.0,8.12276693042,M
Norma,276724.0,1278.0,278002.0,-5.37772426361,F
Norman,1607.0,250568.0,252175.0,5.04936125402,M
Octavia,14540.0,139.0,14679.0,-4.65018481796,F
Odessa,17062.0,154.0,17216.0,-4.70765644506,F
Olga,60948.0,198.0,61146.0,-5.72950928989,F
Olive,46744.0,349.0,47093.0,-4.89736926203,F
Oliver,483.0,86962.0,87445.0,5.19320986696,M
Olivia,303411.0,579.0,303990.0,-6.26154112343,F
Omar,446.0,82418.0,82864.0,5.21924018662,M
Opal,67757.0,718.0,68475.0,-4.54721348539,F
Ophelia,15317.0,15.0,15332.0,-6.92866840056,F
Orlando,242.0,43489.0,43731.0,5.19132558538,M
Orville,155.0,34856.0,35011.0,5.41555545088,M
Oscar,1065.0,183005.0,184070.0,5.14653867571,M
Osvaldo,12.0,11831.0,11843.0,6.89357183447,M
Otis,887.0,56255.0,57142.0,4.1498052227,M
Otto,100.0,28976.0,29076.0,5.66905299414,M
Owen,299.0,113714.0,114013.0,5.94099822981,M
Pablo,69.0,38517.0,38586.0,6.32474847666,M
Paige,121245.0,1324.0,122569.0,-4.51715583434,F
Pam,33127.0,23.0,33150.0,-7.2726097229,F
Pamela,592725.0,1388.0,594113.0,-6.05686668567,F
Paola,19394.0,148.0,19542.0,-4.8755067451,F
Patricia,1568742.0,4964.0,1573706.0,-5.75581743592,F
Patrick,2817.0,653935.0,656752.0,5.44733546924,M
Patti,44658.0,46.0,44704.0,-6.8781473451,F
Patty,62370.0,247.0,62617.0,-5.53145133289,F
Paul,5848.0,1372511.0,1378359.0,5.45829746548,M
Paula,275687.0,884.0,276571.0,-5.74256438056,F
Paulette,45386.0,65.0,45451.0,-6.54857169653,F
Paulina,15100.0,5.0,15105.0,-8.01301211037,F
Pauline,225430.0,770.0,226200.0,-5.6793744536,F
Pedro,500.0,81492.0,81992.0,5.09365203648,M
Peggy,292394.0,799.0,293193.0,-5.90249654105,F
Penny,95351.0,388.0,95739.0,-5.50431475903,F
Perla,15900.0,30.0,15930.0,-6.27287700655,F
Pete,170.0,42656.0,42826.0,5.52512478593,M
Peter,1940.0,561529.0,563469.0,5.66797544714,M
Petra,12284.0,67.0,12351.0,-5.21136026217,F
Phil,73.0,19840.0,19913.0,5.60499593969,M
Philip,1137.0,333638.0,334775.0,5.6816633581,M
Phillip,1332.0,301642.0,302974.0,5.42255931161,M
Phoebe,25083.0,5.0,25088.0,-8.52050769238,F
Phyllis,322181.0,870.0,323051.0,-5.91437556675,F
Pierce,102.0,11469.0,11571.0,4.72243020908,M
Pierre,73.0,16305.0,16378.0,5.40876764708,M
Piper,17667.0,110.0,17777.0,-5.07897340582,F
Polly,28790.0,24.0,28814.0,-7.08972955326,F
Porter,182.0,10544.0,10726.0,4.05930556967,M
Portia,10164.0,8.0,10172.0,-7.14716580276,F
Precious,17760.0,119.0,17879.0,-5.00558052343,F
Preston,530.0,93022.0,93552.0,5.16771429675,M
Princess,11471.0,7.0,11478.0,-7.40166724123,F
Priscilla,114363.0,244.0,114607.0,-6.14996465375,F
Queen,13584.0,31.0,13615.0,-6.08266070407,F
Quentin,179.0,35611.0,35790.0,5.29302405204,M
Quintin,7.0,12855.0,12862.0,7.51557797064,M
Quinton,42.0,25452.0,25494.0,6.40687998607,M
Rachael,80414.0,181.0,80595.0,-6.0964465381,F
Rachel,547721.0,1772.0,549493.0,-5.73365718103,F
Rachelle,32918.0,37.0,32955.0,-6.79085698696,F
Rafael,567.0,68603.0,69170.0,4.79573224081,M
Ralph,1839.0,410900.0,412739.0,5.40912793027,M
Ramiro,28.0,22754.0,22782.0,6.70029172292,M
Ramon,534.0,71727.0,72261.0,4.90022668578,M
Ramona,66403.0,248.0,66651.0,-5.590068769,F
Randal,132.0,28783.0,28915.0,5.38473829148,M
Randall,1155.0,195607.0,196762.0,5.13200720031,M
Randolph,112.0,48885.0,48997.0,6.07872700864,M
Randy,4976.0,323134.0,328110.0,4.17344074244,M
Raquel,45758.0,281.0,46039.0,-5.09276724947,F
Rashad,85.0,13446.0,13531.0,5.06378568654,M
Raul,479.0,79055.0,79534.0,5.10619849433,M
Raymond,3516.0,761785.0,765301.0,5.37834038382,M
Reba,35138.0,60.0,35198.0,-6.3726938827,F
Rebeca,11398.0,5.0,11403.0,-7.73175526796,F
Rebecca,734133.0,2102.0,736235.0,-5.85580093866,F
Rebekah,68678.0,119.0,68797.0,-6.35806070092,F
Regina,173445.0,564.0,174009.0,-5.72856157373,F
Reginald,757.0,107700.0,108457.0,4.95774160971,M
Rena,37974.0,123.0,38097.0,-5.73247263863,F
Renae,13432.0,33.0,13465.0,-6.00888763729,F
Renee,181977.0,1569.0,183546.0,-4.75344183171,F
Reuben,45.0,28105.0,28150.0,6.43704028567,M
Reva,15121.0,11.0,15132.0,-7.22594451231,F
Rex,140.0,54684.0,54824.0,5.96768401844,M
Reyna,11712.0,32.0,11744.0,-5.9026333334,F
Reynaldo,23.0,18549.0,18572.0,6.6926769423,M
Rhett,35.0,10351.0,10386.0,5.68949035089,M
Rhiannon,13001.0,5.0,13006.0,-7.86334364413,F
Rhoda,25306.0,7.0,25313.0,-8.19288665169,F
Rhonda,207749.0,589.0,208338.0,-5.86565971558,F
Ricardo,713.0,128849.0,129562.0,5.19691503467,M
Richard,9534.0,2542735.0,2552269.0,5.58613119558,M
Rick,136.0,80888.0,81024.0,6.38816587504,M
Rickey,674.0,60558.0,61232.0,4.49812675155,M
Ricky,1835.0,216853.0,218688.0,4.77217522313,M
Rita,281675.0,777.0,282452.0,-5.89306885266,F
Robert,20055.0,4767995.0,4788050.0,5.47120266086,M
Roberta,170646.0,782.0,171428.0,-5.38549177373,F
Roberto,835.0,100963.0,101798.0,4.79507766722,M
Rocco,5.0,22053.0,22058.0,8.39176601361,M
Rochelle,46323.0,402.0,46725.0,-4.74694178837,F
Rocky,203.0,24713.0,24916.0,4.80187872091,M
Roderick,263.0,45015.0,45278.0,5.14259701436,M
Rodney,1176.0,242564.0,243740.0,5.32914674361,M
Rodolfo,83.0,31088.0,31171.0,5.92573656382,M
Rodrigo,5.0,18796.0,18801.0,8.23196144779,M
Rogelio,66.0,22201.0,22267.0,5.81823786986,M
Roger,1689.0,435797.0,437486.0,5.55303990077,M
Roland,363.0,94139.0,94502.0,5.55812485816,M
Rolando,78.0,21484.0,21562.0,5.61835492434,M
Roman,150.0,41134.0,41284.0,5.61395501501,M
Ron,70.0,35706.0,35776.0,6.23457877882,M
Ronald,3849.0,1072189.0,1076038.0,5.62964425776,M
Ronda,34269.0,359.0,34628.0,-4.55867404591,F
Roosevelt,236.0,37048.0,37284.0,5.05613784313,M
Rosa,170300.0,1173.0,171473.0,-4.977997018,F
Rosalie,64066.0,96.0,64162.0,-6.5033208895,F
Rosalinda,14117.0,5.0,14122.0,-7.94569711145,F
Rosanna,13590.0,6.0,13596.0,-7.72533003792,F
Rosanne,14611.0,5.0,14616.0,-7.98009203624,F
Roscoe,5.0,21128.0,21133.0,8.34891654154,M
Rose,469652.0,2093.0,471745.0,-5.41339355146,F
Rosella,15118.0,5.0,15123.0,-8.01420345342,F
Rosemarie,49632.0,33.0,49665.0,-7.31588350451,F
Rosemary,151812.0,358.0,152170.0,-6.0498652058,F
Rosetta,27489.0,44.0,27533.0,-6.43735156972,F
Rosie,77282.0,474.0,77756.0,-5.09400902677,F
Roslyn,16083.0,10.0,16093.0,-7.3829329995,F
Ross,397.0,79408.0,79805.0,5.29841811714,M
Roxana,10324.0,26.0,10350.0,-5.98413002282,F
Roxanna,12195.0,7.0,12202.0,-7.46287116159,F
Roxanne,56495.0,55.0,56550.0,-6.93457423241,F
Roxie,17626.0,203.0,17829.0,-4.46392438462,F
Roy,2680.0,400564.0,403244.0,5.00705675947,M
Ruben,655.0,104983.0,105638.0,5.07691847563,M
Ruby,324693.0,2968.0,327661.0,-4.69499179521,F
Rudolph,197.0,52873.0,53070.0,5.59244436184,M
Rufus,151.0,35587.0,35738.0,5.4624558448,M
Russel,12.0,16237.0,16249.0,7.2101412178,M
Russell,1696.0,347633.0,349329.0,5.32287478822,M
Ruth,816053.0,2777.0,818830.0,-5.68310809551,F
Ruthie,19852.0,32.0,19884.0,-6.43032413391,F
Ryder,171.0,15074.0,15245.0,4.4790631279,M
Ryleigh,10733.0,186.0,10919.0,-4.05533171277,F
Sabrina,128879.0,348.0,129227.0,-5.91442677889,F
Sadie,94337.0,218.0,94555.0,-6.07013369367,F
Sallie,49579.0,135.0,49714.0,-5.90604785752,F
Sally,202123.0,642.0,202765.0,-5.75204339827,F
Salvador,183.0,43485.0,43668.0,5.47068517718,M
Salvatore,81.0,53608.0,53689.0,6.49500443498,M
Sam,1350.0,120169.0,121519.0,4.48879449289,M
Samantha,529231.0,1158.0,530389.0,-6.12473063036,F
Samuel,2721.0,672541.0,675262.0,5.51006361636,M
Sandi,10005.0,21.0,10026.0,-6.16631780929,F
Sandra,870721.0,2694.0,873415.0,-5.77829452608,F
Santiago,68.0,33171.0,33239.0,6.18992357403,M
Sara,408189.0,1228.0,409417.0,-5.80634347271,F
Sarah,1040054.0,3284.0,1043338.0,-5.75796572227,F
Sarai,12184.0,6.0,12190.0,-7.61611942535,F
Saul,74.0,34542.0,34616.0,6.1458661607,M
Saundra,17811.0,11.0,17822.0,-7.38967625014,F
Savanna,25047.0,15.0,25062.0,-7.42045913776,F
Savannah,127269.0,191.0,127460.0,-6.5017848076,F
Scarlett,17792.0,7.0,17799.0,-7.84059404799,F
Scot,11.0,13618.0,13629.0,7.12125245324,M
Scott,2612.0,765970.0,768582.0,5.68102679307,M
Scotty,219.0,18242.0,18461.0,4.42241017692,M
Sean,2889.0,400964.0,403853.0,4.93296122623,M
Sebastian,222.0,84090.0,84312.0,5.93696555095,M
Selena,42015.0,57.0,42072.0,-6.60273070853,F
Selma,25673.0,321.0,25994.0,-4.38175401185,F
Serena,35689.0,16.0,35705.0,-7.7100090748,F
Serenity,25463.0,31.0,25494.0,-6.71099449258,F
Sergio,352.0,67344.0,67696.0,5.25393791541,M
Seth,479.0,149785.0,150264.0,5.74525561413,M
Seymour,10.0,13030.0,13040.0,7.17242457712,M
Shaina,10902.0,18.0,10920.0,-6.40632977973,F
Shana,29154.0,113.0,29267.0,-5.55295958492,F
Shanna,28031.0,88.0,28119.0,-5.76372950511,F
Shantel,9975.0,59.0,10034.0,-5.13029979785,F
Shari,40778.0,46.0,40824.0,-6.78725660279,F
Sharon,719201.0,3057.0,722258.0,-5.46070683068,F
Shauna,27729.0,55.0,27784.0,-6.2229008907,F
Shawna,45004.0,105.0,45109.0,-6.06054630353,F
Shayla,26902.0,17.0,26919.0,-7.36674256821,F
Shayna,14715.0,5.0,14720.0,-7.98718474823,F
Sheena,22081.0,67.0,22148.0,-5.79778016983,F
Sheila,236900.0,647.0,237547.0,-5.90304709565,F
Sheldon,496.0,34870.0,35366.0,4.25280621294,M
Shelia,47662.0,111.0,47773.0,-6.06235951237,F
Shelton,166.0,11361.0,11527.0,4.22595392821,M
Sheri,60328.0,119.0,60447.0,-6.22842812677,F
Sherman,203.0,38639.0,38842.0,5.24881142903,M
Sherri,83485.0,176.0,83661.0,-6.16193825894,F
Sherrie,35045.0,11.0,35056.0,-8.06649295614,F
Sherry,229185.0,975.0,230160.0,-5.45984734566,F
Sheryl,78496.0,200.0,78696.0,-5.97248558051,F
Shirley,683829.0,9545.0,693374.0,-4.27169042919,F
Sienna,14698.0,5.0,14703.0,-7.98602879665,F
Sierra,89409.0,269.0,89678.0,-5.80626524763,F
Silas,23.0,22933.0,22956.0,6.90483798433,M
Silvia,18596.0,51.0,18647.0,-5.89887615009,F
Simon,136.0,47941.0,48077.0,5.86507148144,M
Sofia,65236.0,72.0,65308.0,-6.80910062376,F
Solomon,11.0,26523.0,26534.0,7.78787228728,M
Sonia,63045.0,283.0,63328.0,-5.40615713846,F
Sonja,38298.0,44.0,38342.0,-6.76896332057,F
Sonya,63754.0,183.0,63937.0,-5.85330105331,F
Sophia,203371.0,289.0,203660.0,-6.55636048811,F
Sophie,85862.0,97.0,85959.0,-6.78578565674,F
Staci,25339.0,59.0,25398.0,-6.06256254589,F
Stacie,38771.0,194.0,38965.0,-5.29756966441,F
Stanley,1437.0,296218.0,297655.0,5.32853806264,M
Stefan,42.0,17379.0,17421.0,6.02534824148,M
Stefanie,36543.0,43.0,36586.0,-6.74504481267,F
Stella,138898.0,351.0,139249.0,-5.98070890632,F
Stephan,229.0,25512.0,25741.0,4.71318220514,M
Stephanie,727682.0,2633.0,730315.0,-5.62174025907,F
Stephany,13634.0,5.0,13639.0,-7.91088403949,F
Stephen,2933.0,846078.0,849011.0,5.66458576394,M
Steve,906.0,238342.0,239248.0,5.57242258994,M
Steven,4451.0,1260654.0,1265105.0,5.64625712287,M
Stewart,80.0,30623.0,30703.0,5.94748000492,M
Stuart,314.0,67850.0,68164.0,5.37566167935,M
Sue,144342.0,519.0,144861.0,-5.62803687954,F
Summer,64508.0,194.0,64702.0,-5.80668636704,F
Susan,1118932.0,2534.0,1121466.0,-6.09033085602,F
Susana,19308.0,52.0,19360.0,-5.9170310782,F
Susie,84259.0,278.0,84537.0,-5.71402955374,F
Suzanne,218244.0,493.0,218737.0,-6.09285980787,F
Suzette,16382.0,5.0,16387.0,-8.09450053764,F
Sybil,18820.0,5.0,18825.0,-8.23323750071,F
Sylvester,623.0,42196.0,42819.0,4.21553419001,M
Sylvia,234775.0,909.0,235684.0,-5.5540377935,F
Tabitha,55514.0,146.0,55660.0,-5.94078389847,F
Talia,18914.0,5.0,18919.0,-8.23821975514,F
Tamara,129060.0,417.0,129477.0,-5.73494646969,F
Tameka,12716.0,41.0,12757.0,-5.73704425533,F
Tami,37821.0,91.0,37912.0,-6.02976027638,F
Tamika,22653.0,90.0,22743.0,-5.52823790214,F
Tammie,35325.0,130.0,35455.0,-5.6048117571,F
Tammy,331317.0,1396.0,332713.0,-5.46946461666,F
Tamra,13632.0,5.0,13637.0,-7.91073733663,F
Tania,26518.0,60.0,26578.0,-6.09123446445,F
Tanisha,18713.0,21.0,18734.0,-6.79245131075,F
Tanya,115382.0,405.0,115787.0,-5.65211657458,F
Tara,171761.0,543.0,172304.0,-5.75674993468,F
Tasha,35211.0,106.0,35317.0,-5.80567471866,F
Tatiana,29479.0,35.0,29514.0,-6.73608536294,F
Ted,264.0,74360.0,74624.0,5.64072433869,M
Terence,170.0,33044.0,33214.0,5.26979684863,M
Teresa,410145.0,1165.0,411310.0,-5.86378966869,F
Teri,43809.0,214.0,44023.0,-5.32161853969,F
Terra,14135.0,5.0,14140.0,-7.94697135769,F
Terrance,750.0,65955.0,66705.0,4.47665476375,M
Terrence,526.0,68974.0,69500.0,4.87618368824,M
Terri,145537.0,915.0,146452.0,-5.06926156352,F
Terrie,19705.0,338.0,20043.0,-4.06558179415,F
Tessa,37199.0,13.0,37212.0,-7.95908780072,F
Tevin,59.0,10096.0,10155.0,5.14235714088,M
Thaddeus,32.0,21379.0,21411.0,6.504428508,M
Thelma,225020.0,1141.0,226161.0,-5.28428421626,F
Theodore,882.0,212276.0,213158.0,5.48345053772,M
Theresa,401731.0,1216.0,402947.0,-5.80021592686,F
Therese,34623.0,5.0,34628.0,-8.84283556765,F
Theron,27.0,11856.0,11883.0,6.08475248153,M
Thomas,8404.0,2254734.0,2263138.0,5.59207950191,M
Thurman,5.0,16251.0,16256.0,8.08647181189,M
Tia,31152.0,64.0,31216.0,-6.18775064425,F
Tiana,22018.0,9.0,22027.0,-7.80239100229,F
Tiara,22185.0,61.0,22246.0,-5.89629779964,F
Tierra,14271.0,70.0,14341.0,-5.31748954305,F
Tiffany,331101.0,1191.0,332292.0,-5.62763017441,F
Tillie,14223.0,27.0,14250.0,-6.26677878557,F
Tim,188.0,82605.0,82793.0,6.08538352753,M
Timmy,168.0,25306.0,25474.0,5.01483282135,M
Timothy,4312.0,1047868.0,1052180.0,5.49311106914,M
Tina,290308.0,903.0,291211.0,-5.77297515391,F
Titus,6.0,11385.0,11391.0,7.54829250927,M
Todd,1061.0,279917.0,280978.0,5.57528127102,M
Tom,613.0,138614.0,139227.0,5.4210834348,M
Tomas,27.0,25245.0,25272.0,6.84054652929,M
Tommy,2820.0,173228.0,176048.0,4.11787176093,M
Toni,98153.0,1410.0,99563.0,-4.24293778133,F
Tonia,22079.0,53.0,22132.0,-6.03209029596,F
Tony,2878.0,244055.0,246933.0,4.44029800126,M
Tonya,120092.0,435.0,120527.0,-5.6206673636,F
Traci,51967.0,233.0,52200.0,-5.40732572716,F
Tracie,32433.0,218.0,32651.0,-5.00243663917,F
Travis,2112.0,290513.0,292625.0,4.92401295988,M
Trent,102.0,45802.0,45904.0,6.10711022399,M
Trenton,78.0,47323.0,47401.0,6.40804288753,M
Trevon,25.0,12406.0,12431.0,6.20705968066,M
Trevor,606.0,145989.0,146595.0,5.48440656932,M
Trey,97.0,32789.0,32886.0,5.82313739377,M
Tricia,39938.0,88.0,40026.0,-6.11774671613,F
Trina,32185.0,30.0,32215.0,-6.97805840282,F
Trisha,39123.0,52.0,39175.0,-6.62322208974,F
Trista,12019.0,5.0,12024.0,-7.78480609752,F
Troy,2588.0,201883.0,204471.0,4.35680294504,M
Trudy,25272.0,5.0,25277.0,-8.52801443005,F
Truman,26.0,13482.0,13508.0,6.25101420339,M
Tucker,205.0,23922.0,24127.0,4.75954383747,M
Ty,661.0,39533.0,40194.0,4.09113720529,M
Tyra,13791.0,142.0,13933.0,-4.57594442687,F
Tyrell,145.0,13810.0,13955.0,4.55641450398,M
Tyrone,709.0,76483.0,77192.0,4.68096824637,M
Tyson,283.0,33259.0,33542.0,4.76663378851,M
Ulysses,25.0,16053.0,16078.0,6.46477520211,M
Uriel,144.0,12095.0,12239.0,4.43073412347,M
Valencia,10160.0,11.0,10171.0,-6.82831844833,F
Valeria,50523.0,91.0,50614.0,-6.31932445061,F
Valerie,244300.0,694.0,244994.0,-5.86368029674,F
Vance,138.0,23289.0,23427.0,5.12848273992,M
Vanessa,238322.0,965.0,239287.0,-5.50924987809,F
Velma,86519.0,450.0,86969.0,-5.25887173921,F
Vera,132739.0,401.0,133140.0,-5.80217864584,F
Verna,68530.0,524.0,69054.0,-4.87353520026,F
Vernon,1976.0,144570.0,146546.0,4.29268921999,M
Veronica,210778.0,835.0,211613.0,-5.53112900103,F
Vicki,153097.0,295.0,153392.0,-6.25185163008,F
Vickie,109883.0,388.0,110271.0,-5.64616610273,F
Vicky,52614.0,438.0,53052.0,-4.78851861263,F
Victor,1778.0,296635.0,298413.0,5.1170132897,M
Victoria,435187.0,1193.0,436380.0,-5.89930468066,F
Vince,5.0,10617.0,10622.0,7.66077385658,M
Vincent,1368.0,311144.0,312512.0,5.42690600833,M
Viola,129835.0,434.0,130269.0,-5.70097515841,F
Violet,108428.0,237.0,108665.0,-6.12578149608,F
Virginia,644381.0,2009.0,646390.0,-5.77065308024,F
Vivian,185415.0,2541.0,187956.0,-4.29003885167,F
Viviana,15871.0,22.0,15893.0,-6.58120637015,F
Vonda,10307.0,11.0,10318.0,-6.84268328224,F
Wade,162.0,64540.0,64702.0,5.98744413037,M
Walker,202.0,17247.0,17449.0,4.44712579689,M
Wallace,528.0,80280.0,80808.0,5.0241795192,M
Walter,3630.0,613336.0,616966.0,5.12968026147,M
Wanda,280775.0,972.0,281747.0,-5.66595311137,F
Ward,15.0,14460.0,14475.0,6.87109129461,M
Warren,886.0,170805.0,171691.0,5.26156088331,M
Wayne,1605.0,349683.0,351288.0,5.38390327321,M
Weldon,25.0,13675.0,13700.0,6.30444880242,M
Wendell,562.0,52575.0,53137.0,4.53849415068,M
Wendy,258247.0,947.0,259194.0,-5.60837267708,F
Wesley,2142.0,190969.0,193111.0,4.49037113918,M
Weston,16.0,22790.0,22806.0,7.2614884,M
Wilbert,178.0,39555.0,39733.0,5.40366383716,M
Wilbur,290.0,56456.0,56746.0,5.2713359297,M
Wilburn,15.0,10308.0,10323.0,6.53262537067,M
Wilda,12743.0,15.0,12758.0,-6.74468717911,F
Wiley,123.0,16220.0,16343.0,4.8818159723,M
Wilford,5.0,10330.0,10335.0,7.63336964968,M
Wilfred,103.0,29009.0,29112.0,5.64063241742,M
Wilhelmina,11405.0,5.0,11410.0,-7.73236922228,F
Will,662.0,42233.0,42895.0,4.15569162901,M
Willa,22666.0,24.0,22690.0,-6.85056745294,F
Willard,883.0,76964.0,77847.0,4.46776785844,M
William,15806.0,3986586.0,4002392.0,5.53030088974,M
Willis,822.0,51346.0,52168.0,4.13460192048,M
Willow,10218.0,111.0,10329.0,-4.52237594858,F
Wilma,139491.0,753.0,140244.0,-5.22169013423,F
Wilson,172.0,42560.0,42732.0,5.5111756472,M
Winnie,22399.0,228.0,22627.0,-4.58742596504,F
Winston,92.0,22856.0,22948.0,5.51518036686,M
Woodrow,139.0,38004.0,38143.0,5.6109727632,M
Wyatt,185.0,85106.0,85291.0,6.13129699229,M
Xander,12.0,11583.0,11595.0,6.87238713514,M
Xavier,782.0,95831.0,96613.0,4.80848676188,M
Yadira,11610.0,23.0,11633.0,-6.22412785876,F
Yasmin,17220.0,80.0,17300.0,-5.37180014331,F
Yasmine,11167.0,5.0,11172.0,-7.71128036701,F
Yesenia,36878.0,314.0,37192.0,-4.76597746036,F
Yolanda,111530.0,537.0,112067.0,-5.33605079748,F
Yvette,62017.0,186.0,62203.0,-5.80941714628,F
Yvonne,154424.0,619.0,155043.0,-5.51935207222,F
Zachariah,37.0,21928.0,21965.0,6.38460172534,M
Zachary,1470.0,494187.0,495657.0,5.81765158728,M
Zachery,38.0,28339.0,28377.0,6.61440806708,M
Zackary,6.0,27328.0,27334.0,8.42390762736,M
Zackery,5.0,16353.0,16358.0,8.0927287333,M
Zane,439.0,33222.0,33661.0,4.32646817298,M
Zelda,11352.0,5.0,11357.0,-7.72771130641,F
Zelma,16657.0,112.0,16769.0,-5.00208695618,F
Zoe,80108.0,351.0,80459.0,-5.43034477976,F
Zoey,29214.0,139.0,29353.0,-5.34792939228,F
